date,hours,total_actual_mwh,total_forecast_mwh,mae_mw,rmse_mw,coverage_pct,nrmse_pct,bias_mw
2020-12-01,10,4101.3,1091.4755,300.98,317.36,0.0,77.38,-3009.82
2020-12-02,10,4101.3,585.194,351.61,365.81,0.0,89.19,-3516.11
2020-12-03,10,4101.3,391.0488,371.03,382.8,0.0,93.34,-3710.25
2020-12-04,10,4101.3,626.3182,347.5,363.2,0.0,88.56,-3474.98
2020-12-05,10,4101.3,387.5399,371.38,384.01,0.0,93.63,-3713.76
2020-12-06,10,4099.858,938.0437,316.18,335.4,10.0,81.81,-3161.81
2020-12-07,10,4101.3,541.6304,355.97,368.87,0.0,89.94,-3559.67
2020-12-08,10,4099.368,491.4599,360.79,374.48,0.0,91.35,-3607.91
2020-12-09,10,4099.469,595.8975,350.36,365.45,0.0,89.15,-3503.57
2020-12-10,10,4101.3,1364.2809,275.78,291.37,10.0,71.04,-2737.02
2020-12-11,10,4101.3,557.2848,354.4,368.39,0.0,89.82,-3544.02
2020-12-12,10,4101.3,560.8016,354.05,368.01,0.0,89.73,-3540.5
2020-12-13,10,4099.736,644.3035,345.54,361.4,0.0,88.15,-3455.43
2020-12-14,10,4101.3,582.2414,351.91,366.01,0.0,89.24,-3519.06
2020-12-15,10,4101.3,454.0706,364.72,380.31,0.0,92.73,-3647.23
2020-12-16,10,4101.3,535.2097,356.61,369.9,0.0,90.19,-3566.09
2020-12-17,10,4101.3,506.5011,359.48,373.58,0.0,91.09,-3594.8
2020-12-18,10,4100.652,473.5914,362.71,374.5,0.0,91.33,-3627.06
2020-12-19,10,4101.08,434.1551,366.69,383.47,0.0,93.5,-3666.92
2020-12-20,10,4080.653,1205.8562,287.48,307.65,10.0,75.39,-2874.8
2020-12-21,10,4101.3,585.9204,351.54,364.89,0.0,88.97,-3515.38
2020-12-22,10,4101.3,1026.5812,307.47,325.44,10.0,79.35,-3074.72
2020-12-23,10,4101.3,2334.0075,196.33,206.26,0.0,50.29,-1767.29
2020-12-24,10,4101.3,1821.4071,250.86,260.37,0.0,63.48,-2279.89
2020-12-25,10,4101.3,318.7958,378.25,391.38,0.0,95.43,-3782.5
2020-12-26,10,4053.339,561.7867,349.16,363.95,0.0,89.79,-3491.55
2020-12-27,10,4099.74,620.4038,347.93,369.67,10.0,90.17,-3479.34
2020-12-28,10,4101.3,468.8524,363.24,375.87,0.0,91.65,-3632.45
2020-12-29,11,4105.072,537.4129,324.33,352.91,0.0,94.57,-3567.66
2020-12-30,11,4105.072,704.0774,309.18,337.44,0.0,90.42,-3400.99
