timestamp,actual_mw,forecast_p50_mw,forecast_p10_mw,forecast_p90_mw,error_mw,error_pct,source,dataset_path
2020-12-01 00:00:00,0.0,0.0,0.0,0.0,0.0,0.0,pvgis_district_model,results/datasets/rooftop_actual_15min.csv
2020-12-01 01:00:00,0.0,0.0,0.0,0.0,0.0,0.0,pvgis_district_model,results/datasets/rooftop_actual_15min.csv
2020-12-01 02:00:00,0.0,0.0,0.0,0.0,0.0,0.0,pvgis_district_model,results/datasets/rooftop_actual_15min.csv
2020-12-01 03:00:00,0.0,0.0,0.0,0.0,0.0,0.0,pvgis_district_model,results/datasets/rooftop_actual_15min.csv
2020-12-01 04:00:00,0.0,0.0,0.0,0.0,0.0,0.0,pvgis_district_model,results/datasets/rooftop_actual_15min.csv
2020-12-01 05:00:00,0.0,0.0,0.0,0.0,0.0,0.0,pvgis_district_model,results/datasets/rooftop_actual_15min.csv
2020-12-01 06:00:00,170.8875,148.8174,133.0884,170.0702,-22.070099999999996,-12.914987930656133,pvgis_district_model,results/datasets/rooftop_actual_15min.csv
2020-12-01 07:00:00,455.7,133.9808,120.0356,153.4752,-321.7192,-70.59890278692122,pvgis_district_model,results/datasets/rooftop_actual_15min.csv
2020-12-01 08:00:00,455.7,80.2785,71.6022,95.1112,-375.4215,-82.38347597103358,pvgis_district_model,results/datasets/rooftop_actual_15min.csv
2020-12-01 09:00:00,455.7,103.106,92.74130000000001,119.6151,-352.594,-77.37414965986395,pvgis_district_model,results/datasets/rooftop_actual_15min.csv
2020-12-01 10:00:00,455.7,132.1456,118.6462,151.393,-323.5544,-71.0016238753566,pvgis_district_model,results/datasets/rooftop_actual_15min.csv
2020-12-01 11:00:00,455.7,133.7999,120.3377,151.2662,-321.90009999999995,-70.63859995611146,pvgis_district_model,results/datasets/rooftop_actual_15min.csv
2020-12-01 12:00:00,455.7,82.7399,78.068,89.0908,-372.9601,-81.84333991661181,pvgis_district_model,results/datasets/rooftop_actual_15min.csv
2020-12-01 13:00:00,455.7,134.4602,121.2366,150.6052,-321.2398,-70.49370199692781,pvgis_district_model,results/datasets/rooftop_actual_15min.csv
2020-12-01 14:00:00,455.7,92.12910000000001,82.8271,106.3793,-363.5709,-79.78294930875576,pvgis_district_model,results/datasets/rooftop_actual_15min.csv
2020-12-01 15:00:00,284.8125,50.018100000000004,44.1716,60.403800000000004,-234.7944,-82.43823568136932,pvgis_district_model,results/datasets/rooftop_actual_15min.csv
2020-12-01 16:00:00,0.0,0.0,0.0,0.0,0.0,0.0,pvgis_district_model,results/datasets/rooftop_actual_15min.csv
2020-12-01 17:00:00,0.0,0.0,0.0,0.0,0.0,0.0,pvgis_district_model,results/datasets/rooftop_actual_15min.csv
2020-12-01 18:00:00,0.0,0.0,0.0,0.0,0.0,0.0,pvgis_district_model,results/datasets/rooftop_actual_15min.csv
2020-12-01 19:00:00,0.0,0.0,0.0,0.0,0.0,0.0,pvgis_district_model,results/datasets/rooftop_actual_15min.csv
2020-12-01 20:00:00,0.0,0.0,0.0,0.0,0.0,0.0,pvgis_district_model,results/datasets/rooftop_actual_15min.csv
2020-12-01 21:00:00,0.0,0.0,0.0,0.0,0.0,0.0,pvgis_district_model,results/datasets/rooftop_actual_15min.csv
2020-12-01 22:00:00,0.0,0.0,0.0,0.0,0.0,0.0,pvgis_district_model,results/datasets/rooftop_actual_15min.csv
2020-12-01 23:00:00,0.0,0.0,0.0,0.0,0.0,0.0,pvgis_district_model,results/datasets/rooftop_actual_15min.csv
2020-12-02 00:00:00,0.0,0.0,0.0,0.0,0.0,0.0,pvgis_district_model,results/datasets/rooftop_actual_15min.csv
2020-12-02 01:00:00,0.0,0.0,0.0,0.0,0.0,0.0,pvgis_district_model,results/datasets/rooftop_actual_15min.csv
2020-12-02 02:00:00,0.0,0.0,0.0,0.0,0.0,0.0,pvgis_district_model,results/datasets/rooftop_actual_15min.csv
2020-12-02 03:00:00,0.0,0.0,0.0,0.0,0.0,0.0,pvgis_district_model,results/datasets/rooftop_actual_15min.csv
2020-12-02 04:00:00,0.0,0.0,0.0,0.0,0.0,0.0,pvgis_district_model,results/datasets/rooftop_actual_15min.csv
2020-12-02 05:00:00,0.0,0.0,0.0,0.0,0.0,0.0,pvgis_district_model,results/datasets/rooftop_actual_15min.csv
2020-12-02 06:00:00,170.8875,74.1529,60.394,89.483,-96.73459999999999,-56.60718308828908,pvgis_district_model,results/datasets/rooftop_actual_15min.csv
2020-12-02 07:00:00,455.7,71.6846,58.7069,86.2265,-384.0154,-84.2693438665789,pvgis_district_model,results/datasets/rooftop_actual_15min.csv
2020-12-02 08:00:00,455.7,62.0105,51.6312,74.1955,-393.6895,-86.39225367566382,pvgis_district_model,results/datasets/rooftop_actual_15min.csv
2020-12-02 09:00:00,455.7,53.4232,45.4534,64.0216,-402.2768,-88.27667324994515,pvgis_district_model,results/datasets/rooftop_actual_15min.csv
2020-12-02 10:00:00,455.7,53.3049,44.9565,67.0223,-402.39509999999996,-88.30263331138906,pvgis_district_model,results/datasets/rooftop_actual_15min.csv
2020-12-02 11:00:00,455.7,78.6985,64.247,96.2663,-377.00149999999996,-82.73019530392801,pvgis_district_model,results/datasets/rooftop_actual_15min.csv
2020-12-02 12:00:00,455.7,53.3877,45.3741,64.4747,-402.3123,-88.28446346280447,pvgis_district_model,results/datasets/rooftop_actual_15min.csv
2020-12-02 13:00:00,455.7,39.0507,32.6759,50.1082,-416.6493,-91.43061224489796,pvgis_district_model,results/datasets/rooftop_actual_15min.csv
2020-12-02 14:00:00,455.7,36.375,30.8232,47.8078,-419.325,-92.01777485187624,pvgis_district_model,results/datasets/rooftop_actual_15min.csv
2020-12-02 15:00:00,284.8125,63.106,55.1589,74.1329,-221.7065,-77.84296686416502,pvgis_district_model,results/datasets/rooftop_actual_15min.csv
2020-12-02 16:00:00,0.0,0.0,0.0,0.0,0.0,0.0,pvgis_district_model,results/datasets/rooftop_actual_15min.csv
2020-12-02 17:00:00,0.0,0.0,0.0,0.0,0.0,0.0,pvgis_district_model,results/datasets/rooftop_actual_15min.csv
2020-12-02 18:00:00,0.0,0.0,0.0,0.0,0.0,0.0,pvgis_district_model,results/datasets/rooftop_actual_15min.csv
2020-12-02 19:00:00,0.0,0.0,0.0,0.0,0.0,0.0,pvgis_district_model,results/datasets/rooftop_actual_15min.csv
2020-12-02 20:00:00,0.0,0.0,0.0,0.0,0.0,0.0,pvgis_district_model,results/datasets/rooftop_actual_15min.csv
2020-12-02 21:00:00,0.0,0.0,0.0,0.0,0.0,0.0,pvgis_district_model,results/datasets/rooftop_actual_15min.csv
2020-12-02 22:00:00,0.0,0.0,0.0,0.0,0.0,0.0,pvgis_district_model,results/datasets/rooftop_actual_15min.csv
2020-12-02 23:00:00,0.0,0.0,0.0,0.0,0.0,0.0,pvgis_district_model,results/datasets/rooftop_actual_15min.csv
2020-12-03 00:00:00,0.0,0.0,0.0,0.0,0.0,0.0,pvgis_district_model,results/datasets/rooftop_actual_15min.csv
2020-12-03 01:00:00,0.0,0.0,0.0,0.0,0.0,0.0,pvgis_district_model,results/datasets/rooftop_actual_15min.csv
2020-12-03 02:00:00,0.0,0.0,0.0,0.0,0.0,0.0,pvgis_district_model,results/datasets/rooftop_actual_15min.csv
2020-12-03 03:00:00,0.0,0.0,0.0,0.0,0.0,0.0,pvgis_district_model,results/datasets/rooftop_actual_15min.csv
2020-12-03 04:00:00,0.0,0.0,0.0,0.0,0.0,0.0,pvgis_district_model,results/datasets/rooftop_actual_15min.csv
2020-12-03 05:00:00,0.0,0.0,0.0,0.0,0.0,0.0,pvgis_district_model,results/datasets/rooftop_actual_15min.csv
2020-12-03 06:00:00,170.8875,34.0727,30.3843,43.0811,-136.8148,-80.06132689634994,pvgis_district_model,results/datasets/rooftop_actual_15min.csv
2020-12-03 07:00:00,455.7,29.7156,26.4808,36.8982,-425.9844,-93.47913100724162,pvgis_district_model,results/datasets/rooftop_actual_15min.csv
2020-12-03 08:00:00,455.7,29.1276,26.4637,34.0708,-426.5724,-93.60816326530613,pvgis_district_model,results/datasets/rooftop_actual_15min.csv
2020-12-03 09:00:00,455.7,46.0782,41.7248,55.7048,-409.6218,-89.88847926267282,pvgis_district_model,results/datasets/rooftop_actual_15min.csv
2020-12-03 10:00:00,455.7,44.1464,38.363,56.6094,-411.55359999999996,-90.3123985077902,pvgis_district_model,results/datasets/rooftop_actual_15min.csv
2020-12-03 11:00:00,455.7,55.534,49.3914,67.8174,-400.166,-87.81347377660741,pvgis_district_model,results/datasets/rooftop_actual_15min.csv
2020-12-03 12:00:00,455.7,55.3505,49.4009,67.7418,-400.3495,-87.85374149659863,pvgis_district_model,results/datasets/rooftop_actual_15min.csv
2020-12-03 13:00:00,455.7,26.0342,20.9314,36.9694,-429.6658,-94.28698705288568,pvgis_district_model,results/datasets/rooftop_actual_15min.csv
2020-12-03 14:00:00,455.7,29.1263,24.6891,40.577,-426.5737,-93.6084485407066,pvgis_district_model,results/datasets/rooftop_actual_15min.csv
2020-12-03 15:00:00,284.8125,41.8633,35.0653,55.097,-242.9492,-85.3014527101163,pvgis_district_model,results/datasets/rooftop_actual_15min.csv
2020-12-03 16:00:00,0.0,0.0,0.0,0.0,0.0,0.0,pvgis_district_model,results/datasets/rooftop_actual_15min.csv
2020-12-03 17:00:00,0.0,0.0,0.0,0.0,0.0,0.0,pvgis_district_model,results/datasets/rooftop_actual_15min.csv
2020-12-03 18:00:00,0.0,0.0,0.0,0.0,0.0,0.0,pvgis_district_model,results/datasets/rooftop_actual_15min.csv
2020-12-03 19:00:00,0.0,0.0,0.0,0.0,0.0,0.0,pvgis_district_model,results/datasets/rooftop_actual_15min.csv
2020-12-03 20:00:00,0.0,0.0,0.0,0.0,0.0,0.0,pvgis_district_model,results/datasets/rooftop_actual_15min.csv
2020-12-03 21:00:00,0.0,0.0,0.0,0.0,0.0,0.0,pvgis_district_model,results/datasets/rooftop_actual_15min.csv
2020-12-03 22:00:00,0.0,0.0,0.0,0.0,0.0,0.0,pvgis_district_model,results/datasets/rooftop_actual_15min.csv
2020-12-03 23:00:00,0.0,0.0,0.0,0.0,0.0,0.0,pvgis_district_model,results/datasets/rooftop_actual_15min.csv
2020-12-04 00:00:00,0.0,0.0,0.0,0.0,0.0,0.0,pvgis_district_model,results/datasets/rooftop_actual_15min.csv
2020-12-04 01:00:00,0.0,0.0,0.0,0.0,0.0,0.0,pvgis_district_model,results/datasets/rooftop_actual_15min.csv
2020-12-04 02:00:00,0.0,0.0,0.0,0.0,0.0,0.0,pvgis_district_model,results/datasets/rooftop_actual_15min.csv
2020-12-04 03:00:00,0.0,0.0,0.0,0.0,0.0,0.0,pvgis_district_model,results/datasets/rooftop_actual_15min.csv
2020-12-04 04:00:00,0.0,0.0,0.0,0.0,0.0,0.0,pvgis_district_model,results/datasets/rooftop_actual_15min.csv
2020-12-04 05:00:00,0.0,0.0,0.0,0.0,0.0,0.0,pvgis_district_model,results/datasets/rooftop_actual_15min.csv
2020-12-04 06:00:00,170.8875,70.04260000000001,47.2031,96.0825,-100.84489999999998,-59.01244971106721,pvgis_district_model,results/datasets/rooftop_actual_15min.csv
2020-12-04 07:00:00,455.7,62.8566,42.0346,88.4527,-392.8434,-86.20658327847268,pvgis_district_model,results/datasets/rooftop_actual_15min.csv
2020-12-04 08:00:00,455.7,37.2278,23.6173,57.5447,-418.4722,-91.83063418915954,pvgis_district_model,results/datasets/rooftop_actual_15min.csv
2020-12-04 09:00:00,455.7,33.3638,22.3833,51.3445,-422.33619999999996,-92.67856045644064,pvgis_district_model,results/datasets/rooftop_actual_15min.csv
2020-12-04 10:00:00,455.7,58.4767,40.6122,82.3867,-397.2233,-87.1677199912223,pvgis_district_model,results/datasets/rooftop_actual_15min.csv
2020-12-04 11:00:00,455.7,64.0391,43.2832,89.9597,-391.66089999999997,-85.94709238534122,pvgis_district_model,results/datasets/rooftop_actual_15min.csv
2020-12-04 12:00:00,455.7,37.263,25.1428,51.349199999999996,-418.437,-91.82290980908493,pvgis_district_model,results/datasets/rooftop_actual_15min.csv
2020-12-04 13:00:00,455.7,63.5962,43.203199999999995,86.0158,-392.1038,-86.04428351985955,pvgis_district_model,results/datasets/rooftop_actual_15min.csv
2020-12-04 14:00:00,455.7,99.1512,81.3449,122.1335,-356.54879999999997,-78.24200131665569,pvgis_district_model,results/datasets/rooftop_actual_15min.csv
2020-12-04 15:00:00,284.8125,100.3012,90.7392,114.27080000000001,-184.5113,-64.78342769365811,pvgis_district_model,results/datasets/rooftop_actual_15min.csv
2020-12-04 16:00:00,0.0,0.0,0.0,0.0,0.0,0.0,pvgis_district_model,results/datasets/rooftop_actual_15min.csv
2020-12-04 17:00:00,0.0,0.0,0.0,0.0,0.0,0.0,pvgis_district_model,results/datasets/rooftop_actual_15min.csv
2020-12-04 18:00:00,0.0,0.0,0.0,0.0,0.0,0.0,pvgis_district_model,results/datasets/rooftop_actual_15min.csv
2020-12-04 19:00:00,0.0,0.0,0.0,0.0,0.0,0.0,pvgis_district_model,results/datasets/rooftop_actual_15min.csv
2020-12-04 20:00:00,0.0,0.0,0.0,0.0,0.0,0.0,pvgis_district_model,results/datasets/rooftop_actual_15min.csv
2020-12-04 21:00:00,0.0,0.0,0.0,0.0,0.0,0.0,pvgis_district_model,results/datasets/rooftop_actual_15min.csv
2020-12-04 22:00:00,0.0,0.0,0.0,0.0,0.0,0.0,pvgis_district_model,results/datasets/rooftop_actual_15min.csv
2020-12-04 23:00:00,0.0,0.0,0.0,0.0,0.0,0.0,pvgis_district_model,results/datasets/rooftop_actual_15min.csv
2020-12-05 00:00:00,0.0,0.0,0.0,0.0,0.0,0.0,pvgis_district_model,results/datasets/rooftop_actual_15min.csv
2020-12-05 01:00:00,0.0,0.0,0.0,0.0,0.0,0.0,pvgis_district_model,results/datasets/rooftop_actual_15min.csv
2020-12-05 02:00:00,0.0,0.0,0.0,0.0,0.0,0.0,pvgis_district_model,results/datasets/rooftop_actual_15min.csv
2020-12-05 03:00:00,0.0,0.0,0.0,0.0,0.0,0.0,pvgis_district_model,results/datasets/rooftop_actual_15min.csv
2020-12-05 04:00:00,0.0,0.0,0.0,0.0,0.0,0.0,pvgis_district_model,results/datasets/rooftop_actual_15min.csv
2020-12-05 05:00:00,0.0,0.0,0.0,0.0,0.0,0.0,pvgis_district_model,results/datasets/rooftop_actual_15min.csv
2020-12-05 06:00:00,170.8875,46.031,33.028,62.9306,-124.85649999999998,-73.06356521103064,pvgis_district_model,results/datasets/rooftop_actual_15min.csv
2020-12-05 07:00:00,455.7,48.9555,35.3851,65.9137,-406.7445,-89.25707702435814,pvgis_district_model,results/datasets/rooftop_actual_15min.csv
2020-12-05 08:00:00,455.7,43.4225,31.8759,60.014,-412.2775,-90.47125301733597,pvgis_district_model,results/datasets/rooftop_actual_15min.csv
2020-12-05 09:00:00,455.7,32.7856,22.3446,48.7661,-422.9144,-92.80544217687076,pvgis_district_model,results/datasets/rooftop_actual_15min.csv
2020-12-05 10:00:00,455.7,33.4106,21.7105,51.838,-422.2894,-92.66829054202327,pvgis_district_model,results/datasets/rooftop_actual_15min.csv
2020-12-05 11:00:00,455.7,45.6534,33.3877,62.3256,-410.0466,-89.98169848584597,pvgis_district_model,results/datasets/rooftop_actual_15min.csv
2020-12-05 12:00:00,455.7,42.3602,30.7592,59.8769,-413.33979999999997,-90.70436690805354,pvgis_district_model,results/datasets/rooftop_actual_15min.csv
2020-12-05 13:00:00,455.7,20.177,10.8923,36.4737,-435.52299999999997,-95.57230634189159,pvgis_district_model,results/datasets/rooftop_actual_15min.csv
2020-12-05 14:00:00,455.7,32.875,22.8323,50.1681,-422.825,-92.78582400702217,pvgis_district_model,results/datasets/rooftop_actual_15min.csv
2020-12-05 15:00:00,284.8125,41.869099999999996,29.6829,58.6276,-242.9434,-85.29941628264208,pvgis_district_model,results/datasets/rooftop_actual_15min.csv
2020-12-05 16:00:00,0.0,0.0,0.0,0.0,0.0,0.0,pvgis_district_model,results/datasets/rooftop_actual_15min.csv
2020-12-05 17:00:00,0.0,0.0,0.0,0.0,0.0,0.0,pvgis_district_model,results/datasets/rooftop_actual_15min.csv
2020-12-05 18:00:00,0.0,0.0,0.0,0.0,0.0,0.0,pvgis_district_model,results/datasets/rooftop_actual_15min.csv
2020-12-05 19:00:00,0.0,0.0,0.0,0.0,0.0,0.0,pvgis_district_model,results/datasets/rooftop_actual_15min.csv
2020-12-05 20:00:00,0.0,0.0,0.0,0.0,0.0,0.0,pvgis_district_model,results/datasets/rooftop_actual_15min.csv
2020-12-05 21:00:00,0.0,0.0,0.0,0.0,0.0,0.0,pvgis_district_model,results/datasets/rooftop_actual_15min.csv
2020-12-05 22:00:00,0.0,0.0,0.0,0.0,0.0,0.0,pvgis_district_model,results/datasets/rooftop_actual_15min.csv
2020-12-05 23:00:00,0.0,0.0,0.0,0.0,0.0,0.0,pvgis_district_model,results/datasets/rooftop_actual_15min.csv
2020-12-06 00:00:00,0.0,0.0,0.0,0.0,0.0,0.0,pvgis_district_model,results/datasets/rooftop_actual_15min.csv
2020-12-06 01:00:00,0.0,0.0,0.0,0.0,0.0,0.0,pvgis_district_model,results/datasets/rooftop_actual_15min.csv
2020-12-06 02:00:00,0.0,0.0,0.0,0.0,0.0,0.0,pvgis_district_model,results/datasets/rooftop_actual_15min.csv
2020-12-06 03:00:00,0.0,0.0,0.0,0.0,0.0,0.0,pvgis_district_model,results/datasets/rooftop_actual_15min.csv
2020-12-06 04:00:00,0.0,0.0,0.0,0.0,0.0,0.0,pvgis_district_model,results/datasets/rooftop_actual_15min.csv
2020-12-06 05:00:00,0.0,0.0,0.0,0.0,0.0,0.0,pvgis_district_model,results/datasets/rooftop_actual_15min.csv
2020-12-06 06:00:00,170.34675000000001,155.461,138.1844,176.442,-14.885750000000002,-8.738499560455367,pvgis_district_model,results/datasets/rooftop_actual_15min.csv
2020-12-06 07:00:00,454.79875,66.1935,61.6525,73.9594,-388.60524999999996,-85.44554047257165,pvgis_district_model,results/datasets/rooftop_actual_15min.csv
2020-12-06 08:00:00,455.7,139.2348,124.1576,156.3548,-316.4652,-69.44595128373929,pvgis_district_model,results/datasets/rooftop_actual_15min.csv
2020-12-06 09:00:00,455.7,105.9314,92.1262,124.0999,-349.7686,-76.754136493307,pvgis_district_model,results/datasets/rooftop_actual_15min.csv
2020-12-06 10:00:00,455.7,78.7203,64.7871,99.4114,-376.9797,-82.72541145490455,pvgis_district_model,results/datasets/rooftop_actual_15min.csv
2020-12-06 11:00:00,455.7,84.5192,70.0732,104.4106,-371.1808,-81.45288567039718,pvgis_district_model,results/datasets/rooftop_actual_15min.csv
2020-12-06 12:00:00,455.7,84.6565,70.6147,103.0916,-371.0435,-81.4227561992539,pvgis_district_model,results/datasets/rooftop_actual_15min.csv
2020-12-06 13:00:00,455.7,68.158,56.5787,85.5904,-387.542,-85.04323019530392,pvgis_district_model,results/datasets/rooftop_actual_15min.csv
2020-12-06 14:00:00,455.7,85.1895,70.2734,106.493,-370.5105,-81.30579328505596,pvgis_district_model,results/datasets/rooftop_actual_15min.csv
2020-12-06 15:00:00,284.8125,69.9795,57.7154,87.6367,-214.833,-75.42962475312706,pvgis_district_model,results/datasets/rooftop_actual_15min.csv
2020-12-06 16:00:00,0.0,0.0,0.0,0.0,0.0,0.0,pvgis_district_model,results/datasets/rooftop_actual_15min.csv
2020-12-06 17:00:00,0.0,0.0,0.0,0.0,0.0,0.0,pvgis_district_model,results/datasets/rooftop_actual_15min.csv
2020-12-06 18:00:00,0.0,0.0,0.0,0.0,0.0,0.0,pvgis_district_model,results/datasets/rooftop_actual_15min.csv
2020-12-06 19:00:00,0.0,0.0,0.0,0.0,0.0,0.0,pvgis_district_model,results/datasets/rooftop_actual_15min.csv
2020-12-06 20:00:00,0.0,0.0,0.0,0.0,0.0,0.0,pvgis_district_model,results/datasets/rooftop_actual_15min.csv
2020-12-06 21:00:00,0.0,0.0,0.0,0.0,0.0,0.0,pvgis_district_model,results/datasets/rooftop_actual_15min.csv
2020-12-06 22:00:00,0.0,0.0,0.0,0.0,0.0,0.0,pvgis_district_model,results/datasets/rooftop_actual_15min.csv
2020-12-06 23:00:00,0.0,0.0,0.0,0.0,0.0,0.0,pvgis_district_model,results/datasets/rooftop_actual_15min.csv
2020-12-07 00:00:00,0.0,0.0,0.0,0.0,0.0,0.0,pvgis_district_model,results/datasets/rooftop_actual_15min.csv
2020-12-07 01:00:00,0.0,0.0,0.0,0.0,0.0,0.0,pvgis_district_model,results/datasets/rooftop_actual_15min.csv
2020-12-07 02:00:00,0.0,0.0,0.0,0.0,0.0,0.0,pvgis_district_model,results/datasets/rooftop_actual_15min.csv
2020-12-07 03:00:00,0.0,0.0,0.0,0.0,0.0,0.0,pvgis_district_model,results/datasets/rooftop_actual_15min.csv
2020-12-07 04:00:00,0.0,0.0,0.0,0.0,0.0,0.0,pvgis_district_model,results/datasets/rooftop_actual_15min.csv
2020-12-07 05:00:00,0.0,0.0,0.0,0.0,0.0,0.0,pvgis_district_model,results/datasets/rooftop_actual_15min.csv
2020-12-07 06:00:00,170.8875,72.3565,49.199200000000005,101.443,-98.53099999999999,-57.65840099480652,pvgis_district_model,results/datasets/rooftop_actual_15min.csv
2020-12-07 07:00:00,455.7,49.1827,32.8822,71.7962,-406.5173,-89.20721966205836,pvgis_district_model,results/datasets/rooftop_actual_15min.csv
2020-12-07 08:00:00,455.7,53.1431,36.1393,76.9241,-402.5569,-88.33813912661839,pvgis_district_model,results/datasets/rooftop_actual_15min.csv
2020-12-07 09:00:00,455.7,58.7858,40.2154,84.4347,-396.9142,-87.09989027869211,pvgis_district_model,results/datasets/rooftop_actual_15min.csv
2020-12-07 10:00:00,455.7,60.1278,40.1843,86.7896,-395.5722,-86.8053982883476,pvgis_district_model,results/datasets/rooftop_actual_15min.csv
2020-12-07 11:00:00,455.7,65.7615,44.2734,93.9674,-389.9385,-85.56912442396313,pvgis_district_model,results/datasets/rooftop_actual_15min.csv
2020-12-07 12:00:00,455.7,41.2695,26.9025,58.0139,-414.4305,-90.9437129690586,pvgis_district_model,results/datasets/rooftop_actual_15min.csv
2020-12-07 13:00:00,455.7,65.052,44.4805,89.9109,-390.64799999999997,-85.724818959842,pvgis_district_model,results/datasets/rooftop_actual_15min.csv
2020-12-07 14:00:00,455.7,44.7178,34.3904,59.2515,-410.9822,-90.18700899714725,pvgis_district_model,results/datasets/rooftop_actual_15min.csv
2020-12-07 15:00:00,284.8125,31.2337,28.4422,36.2941,-253.5788,-89.03359227561992,pvgis_district_model,results/datasets/rooftop_actual_15min.csv
2020-12-07 16:00:00,0.0,0.0,0.0,0.0,0.0,0.0,pvgis_district_model,results/datasets/rooftop_actual_15min.csv
2020-12-07 17:00:00,0.0,0.0,0.0,0.0,0.0,0.0,pvgis_district_model,results/datasets/rooftop_actual_15min.csv
2020-12-07 18:00:00,0.0,0.0,0.0,0.0,0.0,0.0,pvgis_district_model,results/datasets/rooftop_actual_15min.csv
2020-12-07 19:00:00,0.0,0.0,0.0,0.0,0.0,0.0,pvgis_district_model,results/datasets/rooftop_actual_15min.csv
2020-12-07 20:00:00,0.0,0.0,0.0,0.0,0.0,0.0,pvgis_district_model,results/datasets/rooftop_actual_15min.csv
2020-12-07 21:00:00,0.0,0.0,0.0,0.0,0.0,0.0,pvgis_district_model,results/datasets/rooftop_actual_15min.csv
2020-12-07 22:00:00,0.0,0.0,0.0,0.0,0.0,0.0,pvgis_district_model,results/datasets/rooftop_actual_15min.csv
2020-12-07 23:00:00,0.0,0.0,0.0,0.0,0.0,0.0,pvgis_district_model,results/datasets/rooftop_actual_15min.csv
2020-12-08 00:00:00,0.0,0.0,0.0,0.0,0.0,0.0,pvgis_district_model,results/datasets/rooftop_actual_15min.csv
2020-12-08 01:00:00,0.0,0.0,0.0,0.0,0.0,0.0,pvgis_district_model,results/datasets/rooftop_actual_15min.csv
2020-12-08 02:00:00,0.0,0.0,0.0,0.0,0.0,0.0,pvgis_district_model,results/datasets/rooftop_actual_15min.csv
2020-12-08 03:00:00,0.0,0.0,0.0,0.0,0.0,0.0,pvgis_district_model,results/datasets/rooftop_actual_15min.csv
2020-12-08 04:00:00,0.0,0.0,0.0,0.0,0.0,0.0,pvgis_district_model,results/datasets/rooftop_actual_15min.csv
2020-12-08 05:00:00,0.0,0.0,0.0,0.0,0.0,0.0,pvgis_district_model,results/datasets/rooftop_actual_15min.csv
2020-12-08 06:00:00,170.8875,63.1036,55.4126,77.04560000000001,-107.78389999999999,-63.073015873015876,pvgis_district_model,results/datasets/rooftop_actual_15min.csv
2020-12-08 07:00:00,455.7,64.1489,56.4924,77.3903,-391.5511,-85.92299758613123,pvgis_district_model,results/datasets/rooftop_actual_15min.csv
2020-12-08 08:00:00,455.7,54.7109,48.1867,67.9625,-400.9891,-87.99409699363618,pvgis_district_model,results/datasets/rooftop_actual_15min.csv
2020-12-08 09:00:00,455.7,40.5088,33.754599999999996,53.2735,-415.1912,-91.11064296686416,pvgis_district_model,results/datasets/rooftop_actual_15min.csv
2020-12-08 10:00:00,455.7,39.5596,33.3644,52.4386,-416.1404,-91.31893789773974,pvgis_district_model,results/datasets/rooftop_actual_15min.csv
2020-12-08 11:00:00,455.7,59.830799999999996,53.3146,73.0453,-395.8692,-86.87057274522712,pvgis_district_model,results/datasets/rooftop_actual_15min.csv
2020-12-08 12:00:00,455.7,54.2341,48.7379,66.4253,-401.4659,-88.09872723282861,pvgis_district_model,results/datasets/rooftop_actual_15min.csv
2020-12-08 13:00:00,455.7,23.8013,16.5911,37.8515,-431.89869999999996,-94.7769804696072,pvgis_district_model,results/datasets/rooftop_actual_15min.csv
2020-12-08 14:00:00,454.9755,38.4272,32.9791,51.1022,-416.54830000000004,-91.55400675420984,pvgis_district_model,results/datasets/rooftop_actual_15min.csv
2020-12-08 15:00:00,283.605,53.1347,45.9746,66.5534,-230.4703,-81.26454047001992,pvgis_district_model,results/datasets/rooftop_actual_15min.csv
2020-12-08 16:00:00,0.0,0.0,0.0,0.0,0.0,0.0,pvgis_district_model,results/datasets/rooftop_actual_15min.csv
2020-12-08 17:00:00,0.0,0.0,0.0,0.0,0.0,0.0,pvgis_district_model,results/datasets/rooftop_actual_15min.csv
2020-12-08 18:00:00,0.0,0.0,0.0,0.0,0.0,0.0,pvgis_district_model,results/datasets/rooftop_actual_15min.csv
2020-12-08 19:00:00,0.0,0.0,0.0,0.0,0.0,0.0,pvgis_district_model,results/datasets/rooftop_actual_15min.csv
2020-12-08 20:00:00,0.0,0.0,0.0,0.0,0.0,0.0,pvgis_district_model,results/datasets/rooftop_actual_15min.csv
2020-12-08 21:00:00,0.0,0.0,0.0,0.0,0.0,0.0,pvgis_district_model,results/datasets/rooftop_actual_15min.csv
2020-12-08 22:00:00,0.0,0.0,0.0,0.0,0.0,0.0,pvgis_district_model,results/datasets/rooftop_actual_15min.csv
2020-12-08 23:00:00,0.0,0.0,0.0,0.0,0.0,0.0,pvgis_district_model,results/datasets/rooftop_actual_15min.csv
2020-12-09 00:00:00,0.0,0.0,0.0,0.0,0.0,0.0,pvgis_district_model,results/datasets/rooftop_actual_15min.csv
2020-12-09 01:00:00,0.0,0.0,0.0,0.0,0.0,0.0,pvgis_district_model,results/datasets/rooftop_actual_15min.csv
2020-12-09 02:00:00,0.0,0.0,0.0,0.0,0.0,0.0,pvgis_district_model,results/datasets/rooftop_actual_15min.csv
2020-12-09 03:00:00,0.0,0.0,0.0,0.0,0.0,0.0,pvgis_district_model,results/datasets/rooftop_actual_15min.csv
2020-12-09 04:00:00,0.0,0.0,0.0,0.0,0.0,0.0,pvgis_district_model,results/datasets/rooftop_actual_15min.csv
2020-12-09 05:00:00,0.0,0.0,0.0,0.0,0.0,0.0,pvgis_district_model,results/datasets/rooftop_actual_15min.csv
2020-12-09 06:00:00,170.200875,96.4704,77.8818,121.331,-73.730475,-43.319680348294334,pvgis_district_model,results/datasets/rooftop_actual_15min.csv
2020-12-09 07:00:00,454.555625,53.0707,43.3862,66.9241,-401.48492500000003,-88.32470723467561,pvgis_district_model,results/datasets/rooftop_actual_15min.csv
2020-12-09 08:00:00,455.7,83.7142,68.4337,103.5844,-371.9858,-81.62953697608076,pvgis_district_model,results/datasets/rooftop_actual_15min.csv
2020-12-09 09:00:00,455.7,72.2521,55.1966,94.53190000000001,-383.4479,-84.14481018213738,pvgis_district_model,results/datasets/rooftop_actual_15min.csv
2020-12-09 10:00:00,455.7,54.1702,37.5837,74.535,-401.52979999999997,-88.11274961597542,pvgis_district_model,results/datasets/rooftop_actual_15min.csv
2020-12-09 11:00:00,455.7,47.3125,32.2117,64.3509,-408.3875,-89.6176212420452,pvgis_district_model,results/datasets/rooftop_actual_15min.csv
2020-12-09 12:00:00,455.7,51.4821,35.0837,69.25019999999999,-404.2179,-88.70263331138908,pvgis_district_model,results/datasets/rooftop_actual_15min.csv
2020-12-09 13:00:00,455.7,52.5006,35.5184,71.7785,-403.19939999999997,-88.47913100724159,pvgis_district_model,results/datasets/rooftop_actual_15min.csv
2020-12-09 14:00:00,455.7,42.4179,28.3899,61.0734,-413.2821,-90.69170506912442,pvgis_district_model,results/datasets/rooftop_actual_15min.csv
2020-12-09 15:00:00,284.8125,42.5068,27.465,61.1949,-242.3057,-85.07551459293394,pvgis_district_model,results/datasets/rooftop_actual_15min.csv
2020-12-09 16:00:00,0.0,0.0,0.0,0.0,0.0,0.0,pvgis_district_model,results/datasets/rooftop_actual_15min.csv
2020-12-09 17:00:00,0.0,0.0,0.0,0.0,0.0,0.0,pvgis_district_model,results/datasets/rooftop_actual_15min.csv
2020-12-09 18:00:00,0.0,0.0,0.0,0.0,0.0,0.0,pvgis_district_model,results/datasets/rooftop_actual_15min.csv
2020-12-09 19:00:00,0.0,0.0,0.0,0.0,0.0,0.0,pvgis_district_model,results/datasets/rooftop_actual_15min.csv
2020-12-09 20:00:00,0.0,0.0,0.0,0.0,0.0,0.0,pvgis_district_model,results/datasets/rooftop_actual_15min.csv
2020-12-09 21:00:00,0.0,0.0,0.0,0.0,0.0,0.0,pvgis_district_model,results/datasets/rooftop_actual_15min.csv
2020-12-09 22:00:00,0.0,0.0,0.0,0.0,0.0,0.0,pvgis_district_model,results/datasets/rooftop_actual_15min.csv
2020-12-09 23:00:00,0.0,0.0,0.0,0.0,0.0,0.0,pvgis_district_model,results/datasets/rooftop_actual_15min.csv
2020-12-10 00:00:00,0.0,0.0,0.0,0.0,0.0,0.0,pvgis_district_model,results/datasets/rooftop_actual_15min.csv
2020-12-10 01:00:00,0.0,0.0,0.0,0.0,0.0,0.0,pvgis_district_model,results/datasets/rooftop_actual_15min.csv
2020-12-10 02:00:00,0.0,0.0,0.0,0.0,0.0,0.0,pvgis_district_model,results/datasets/rooftop_actual_15min.csv
2020-12-10 03:00:00,0.0,0.0,0.0,0.0,0.0,0.0,pvgis_district_model,results/datasets/rooftop_actual_15min.csv
2020-12-10 04:00:00,0.0,0.0,0.0,0.0,0.0,0.0,pvgis_district_model,results/datasets/rooftop_actual_15min.csv
2020-12-10 05:00:00,0.0,0.0,0.0,0.0,0.0,0.0,pvgis_district_model,results/datasets/rooftop_actual_15min.csv
2020-12-10 06:00:00,170.8875,181.2707,154.6026,213.4814,10.383200000000016,6.076044181113315,pvgis_district_model,results/datasets/rooftop_actual_15min.csv
2020-12-10 07:00:00,455.7,150.9978,129.3585,178.4256,-304.70219999999995,-66.8646477946017,pvgis_district_model,results/datasets/rooftop_actual_15min.csv
2020-12-10 08:00:00,455.7,130.6056,113.2321,154.1723,-325.09439999999995,-71.33956550362079,pvgis_district_model,results/datasets/rooftop_actual_15min.csv
2020-12-10 09:00:00,455.7,149.4814,129.6487,175.4839,-306.2186,-67.19741057713408,pvgis_district_model,results/datasets/rooftop_actual_15min.csv
2020-12-10 10:00:00,455.7,140.6125,123.2793,164.114,-315.0875,-69.14362519201228,pvgis_district_model,results/datasets/rooftop_actual_15min.csv
2020-12-10 11:00:00,455.7,161.6471,137.8417,191.6436,-294.0529,-64.52773754663156,pvgis_district_model,results/datasets/rooftop_actual_15min.csv
2020-12-10 12:00:00,455.7,118.27759999999999,102.1469,137.2097,-337.4224,-74.04485407066052,pvgis_district_model,results/datasets/rooftop_actual_15min.csv
2020-12-10 13:00:00,455.7,159.7344,137.2266,186.1968,-295.9656,-64.94746543778801,pvgis_district_model,results/datasets/rooftop_actual_15min.csv
2020-12-10 14:00:00,455.7,109.79899999999999,89.3643,134.4547,-345.901,-75.90542023260917,pvgis_district_model,results/datasets/rooftop_actual_15min.csv
2020-12-10 15:00:00,284.8125,61.8548,41.6809,85.1799,-222.9577,-78.28227342549923,pvgis_district_model,results/datasets/rooftop_actual_15min.csv
2020-12-10 16:00:00,0.0,0.0,0.0,0.0,0.0,0.0,pvgis_district_model,results/datasets/rooftop_actual_15min.csv
2020-12-10 17:00:00,0.0,0.0,0.0,0.0,0.0,0.0,pvgis_district_model,results/datasets/rooftop_actual_15min.csv
2020-12-10 18:00:00,0.0,0.0,0.0,0.0,0.0,0.0,pvgis_district_model,results/datasets/rooftop_actual_15min.csv
2020-12-10 19:00:00,0.0,0.0,0.0,0.0,0.0,0.0,pvgis_district_model,results/datasets/rooftop_actual_15min.csv
2020-12-10 20:00:00,0.0,0.0,0.0,0.0,0.0,0.0,pvgis_district_model,results/datasets/rooftop_actual_15min.csv
2020-12-10 21:00:00,0.0,0.0,0.0,0.0,0.0,0.0,pvgis_district_model,results/datasets/rooftop_actual_15min.csv
2020-12-10 22:00:00,0.0,0.0,0.0,0.0,0.0,0.0,pvgis_district_model,results/datasets/rooftop_actual_15min.csv
2020-12-10 23:00:00,0.0,0.0,0.0,0.0,0.0,0.0,pvgis_district_model,results/datasets/rooftop_actual_15min.csv
2020-12-11 00:00:00,0.0,0.0,0.0,0.0,0.0,0.0,pvgis_district_model,results/datasets/rooftop_actual_15min.csv
2020-12-11 01:00:00,0.0,0.0,0.0,0.0,0.0,0.0,pvgis_district_model,results/datasets/rooftop_actual_15min.csv
2020-12-11 02:00:00,0.0,0.0,0.0,0.0,0.0,0.0,pvgis_district_model,results/datasets/rooftop_actual_15min.csv
2020-12-11 03:00:00,0.0,0.0,0.0,0.0,0.0,0.0,pvgis_district_model,results/datasets/rooftop_actual_15min.csv
2020-12-11 04:00:00,0.0,0.0,0.0,0.0,0.0,0.0,pvgis_district_model,results/datasets/rooftop_actual_15min.csv
2020-12-11 05:00:00,0.0,0.0,0.0,0.0,0.0,0.0,pvgis_district_model,results/datasets/rooftop_actual_15min.csv
2020-12-11 06:00:00,170.8875,71.148,48.055099999999996,97.01740000000001,-99.73949999999999,-58.36559139784946,pvgis_district_model,results/datasets/rooftop_actual_15min.csv
2020-12-11 07:00:00,455.7,67.9519,46.125,92.355,-387.7481,-85.08845731841124,pvgis_district_model,results/datasets/rooftop_actual_15min.csv
2020-12-11 08:00:00,455.7,60.4593,41.0111,84.273,-395.2407,-86.7326530612245,pvgis_district_model,results/datasets/rooftop_actual_15min.csv
2020-12-11 09:00:00,455.7,49.1732,32.670500000000004,69.8459,-406.5268,-89.20930436690806,pvgis_district_model,results/datasets/rooftop_actual_15min.csv
2020-12-11 10:00:00,455.7,47.964,31.8947,70.1939,-407.736,-89.47465437788019,pvgis_district_model,results/datasets/rooftop_actual_15min.csv
2020-12-11 11:00:00,455.7,63.1354,42.7669,86.5606,-392.5646,-86.14540267719991,pvgis_district_model,results/datasets/rooftop_actual_15min.csv
2020-12-11 12:00:00,455.7,56.6568,38.7848,79.2123,-399.0432,-87.5670836076366,pvgis_district_model,results/datasets/rooftop_actual_15min.csv
2020-12-11 13:00:00,455.7,35.974,23.4625,54.8292,-419.726,-92.10577134079438,pvgis_district_model,results/datasets/rooftop_actual_15min.csv
2020-12-11 14:00:00,455.7,44.1762,29.866400000000002,64.8266,-411.5238,-90.30585911784068,pvgis_district_model,results/datasets/rooftop_actual_15min.csv
2020-12-11 15:00:00,284.8125,60.646,41.0169,83.636,-224.16649999999998,-78.70669299978054,pvgis_district_model,results/datasets/rooftop_actual_15min.csv
2020-12-11 16:00:00,0.0,0.0,0.0,0.0,0.0,0.0,pvgis_district_model,results/datasets/rooftop_actual_15min.csv
2020-12-11 17:00:00,0.0,0.0,0.0,0.0,0.0,0.0,pvgis_district_model,results/datasets/rooftop_actual_15min.csv
2020-12-11 18:00:00,0.0,0.0,0.0,0.0,0.0,0.0,pvgis_district_model,results/datasets/rooftop_actual_15min.csv
2020-12-11 19:00:00,0.0,0.0,0.0,0.0,0.0,0.0,pvgis_district_model,results/datasets/rooftop_actual_15min.csv
2020-12-11 20:00:00,0.0,0.0,0.0,0.0,0.0,0.0,pvgis_district_model,results/datasets/rooftop_actual_15min.csv
2020-12-11 21:00:00,0.0,0.0,0.0,0.0,0.0,0.0,pvgis_district_model,results/datasets/rooftop_actual_15min.csv
2020-12-11 22:00:00,0.0,0.0,0.0,0.0,0.0,0.0,pvgis_district_model,results/datasets/rooftop_actual_15min.csv
2020-12-11 23:00:00,0.0,0.0,0.0,0.0,0.0,0.0,pvgis_district_model,results/datasets/rooftop_actual_15min.csv
2020-12-12 00:00:00,0.0,0.0,0.0,0.0,0.0,0.0,pvgis_district_model,results/datasets/rooftop_actual_15min.csv
2020-12-12 01:00:00,0.0,0.0,0.0,0.0,0.0,0.0,pvgis_district_model,results/datasets/rooftop_actual_15min.csv
2020-12-12 02:00:00,0.0,0.0,0.0,0.0,0.0,0.0,pvgis_district_model,results/datasets/rooftop_actual_15min.csv
2020-12-12 03:00:00,0.0,0.0,0.0,0.0,0.0,0.0,pvgis_district_model,results/datasets/rooftop_actual_15min.csv
2020-12-12 04:00:00,0.0,0.0,0.0,0.0,0.0,0.0,pvgis_district_model,results/datasets/rooftop_actual_15min.csv
2020-12-12 05:00:00,0.0,0.0,0.0,0.0,0.0,0.0,pvgis_district_model,results/datasets/rooftop_actual_15min.csv
2020-12-12 06:00:00,170.8875,74.7661,50.8184,100.2798,-96.1214,-56.2483505230049,pvgis_district_model,results/datasets/rooftop_actual_15min.csv
2020-12-12 07:00:00,455.7,45.567099999999996,31.8894,60.2745,-410.1329,-90.0006363835857,pvgis_district_model,results/datasets/rooftop_actual_15min.csv
2020-12-12 08:00:00,455.7,65.6261,44.8701,87.3159,-390.0739,-85.59883695413649,pvgis_district_model,results/datasets/rooftop_actual_15min.csv
2020-12-12 09:00:00,455.7,58.2293,46.6266,72.117,-397.47069999999997,-87.22201009436033,pvgis_district_model,results/datasets/rooftop_actual_15min.csv
2020-12-12 10:00:00,455.7,55.7179,52.3619,62.5347,-399.9821,-87.77311827956989,pvgis_district_model,results/datasets/rooftop_actual_15min.csv
2020-12-12 11:00:00,455.7,54.2022,50.903800000000004,60.4052,-401.4978,-88.10572745227122,pvgis_district_model,results/datasets/rooftop_actual_15min.csv
2020-12-12 12:00:00,455.7,54.4631,51.318,59.6034,-401.2369,-88.04847487382051,pvgis_district_model,results/datasets/rooftop_actual_15min.csv
2020-12-12 13:00:00,455.7,44.0899,41.0507,51.842,-411.6101,-90.32479701558043,pvgis_district_model,results/datasets/rooftop_actual_15min.csv
2020-12-12 14:00:00,455.7,52.3555,48.739399999999996,62.3008,-403.3445,-88.51097213078779,pvgis_district_model,results/datasets/rooftop_actual_15min.csv
2020-12-12 15:00:00,284.8125,55.7844,52.196999999999996,63.9294,-229.0281,-80.41364055299539,pvgis_district_model,results/datasets/rooftop_actual_15min.csv
2020-12-12 16:00:00,0.0,0.0,0.0,0.0,0.0,0.0,pvgis_district_model,results/datasets/rooftop_actual_15min.csv
2020-12-12 17:00:00,0.0,0.0,0.0,0.0,0.0,0.0,pvgis_district_model,results/datasets/rooftop_actual_15min.csv
2020-12-12 18:00:00,0.0,0.0,0.0,0.0,0.0,0.0,pvgis_district_model,results/datasets/rooftop_actual_15min.csv
2020-12-12 19:00:00,0.0,0.0,0.0,0.0,0.0,0.0,pvgis_district_model,results/datasets/rooftop_actual_15min.csv
2020-12-12 20:00:00,0.0,0.0,0.0,0.0,0.0,0.0,pvgis_district_model,results/datasets/rooftop_actual_15min.csv
2020-12-12 21:00:00,0.0,0.0,0.0,0.0,0.0,0.0,pvgis_district_model,results/datasets/rooftop_actual_15min.csv
2020-12-12 22:00:00,0.0,0.0,0.0,0.0,0.0,0.0,pvgis_district_model,results/datasets/rooftop_actual_15min.csv
2020-12-12 23:00:00,0.0,0.0,0.0,0.0,0.0,0.0,pvgis_district_model,results/datasets/rooftop_actual_15min.csv
2020-12-13 00:00:00,0.0,0.0,0.0,0.0,0.0,0.0,pvgis_district_model,results/datasets/rooftop_actual_15min.csv
2020-12-13 01:00:00,0.0,0.0,0.0,0.0,0.0,0.0,pvgis_district_model,results/datasets/rooftop_actual_15min.csv
2020-12-13 02:00:00,0.0,0.0,0.0,0.0,0.0,0.0,pvgis_district_model,results/datasets/rooftop_actual_15min.csv
2020-12-13 03:00:00,0.0,0.0,0.0,0.0,0.0,0.0,pvgis_district_model,results/datasets/rooftop_actual_15min.csv
2020-12-13 04:00:00,0.0,0.0,0.0,0.0,0.0,0.0,pvgis_district_model,results/datasets/rooftop_actual_15min.csv
2020-12-13 05:00:00,0.0,0.0,0.0,0.0,0.0,0.0,pvgis_district_model,results/datasets/rooftop_actual_15min.csv
2020-12-13 06:00:00,170.301,68.185,46.922,90.5769,-102.11599999999999,-59.96206716343415,pvgis_district_model,results/datasets/rooftop_actual_15min.csv
2020-12-13 07:00:00,454.7225,53.4885,36.5365,72.5941,-401.23400000000004,-88.23711164501427,pvgis_district_model,results/datasets/rooftop_actual_15min.csv
2020-12-13 08:00:00,455.7,43.5978,29.3717,60.649499999999996,-412.1022,-90.43278472679395,pvgis_district_model,results/datasets/rooftop_actual_15min.csv
2020-12-13 09:00:00,455.7,43.7036,29.558,59.8232,-411.9964,-90.40956769804696,pvgis_district_model,results/datasets/rooftop_actual_15min.csv
2020-12-13 10:00:00,455.7,52.2293,35.6241,71.0609,-403.47069999999997,-88.53866578889621,pvgis_district_model,results/datasets/rooftop_actual_15min.csv
2020-12-13 11:00:00,455.7,64.2755,44.015,86.2814,-391.42449999999997,-85.89521615097651,pvgis_district_model,results/datasets/rooftop_actual_15min.csv
2020-12-13 12:00:00,455.7,46.7294,33.7589,60.4913,-408.9706,-89.74557823129251,pvgis_district_model,results/datasets/rooftop_actual_15min.csv
2020-12-13 13:00:00,455.7,61.4389,41.5676,83.0538,-394.2611,-86.51768707482994,pvgis_district_model,results/datasets/rooftop_actual_15min.csv
2020-12-13 14:00:00,455.7,101.2495,83.31739999999999,123.8309,-354.4505,-77.78154487601492,pvgis_district_model,results/datasets/rooftop_actual_15min.csv
2020-12-13 15:00:00,284.8125,109.406,97.4977,127.4062,-175.4065,-61.58665788896203,pvgis_district_model,results/datasets/rooftop_actual_15min.csv
2020-12-13 16:00:00,0.0,0.0,0.0,0.0,0.0,0.0,pvgis_district_model,results/datasets/rooftop_actual_15min.csv
2020-12-13 17:00:00,0.0,0.0,0.0,0.0,0.0,0.0,pvgis_district_model,results/datasets/rooftop_actual_15min.csv
2020-12-13 18:00:00,0.0,0.0,0.0,0.0,0.0,0.0,pvgis_district_model,results/datasets/rooftop_actual_15min.csv
2020-12-13 19:00:00,0.0,0.0,0.0,0.0,0.0,0.0,pvgis_district_model,results/datasets/rooftop_actual_15min.csv
2020-12-13 20:00:00,0.0,0.0,0.0,0.0,0.0,0.0,pvgis_district_model,results/datasets/rooftop_actual_15min.csv
2020-12-13 21:00:00,0.0,0.0,0.0,0.0,0.0,0.0,pvgis_district_model,results/datasets/rooftop_actual_15min.csv
2020-12-13 22:00:00,0.0,0.0,0.0,0.0,0.0,0.0,pvgis_district_model,results/datasets/rooftop_actual_15min.csv
2020-12-13 23:00:00,0.0,0.0,0.0,0.0,0.0,0.0,pvgis_district_model,results/datasets/rooftop_actual_15min.csv
2020-12-14 00:00:00,0.0,0.0,0.0,0.0,0.0,0.0,pvgis_district_model,results/datasets/rooftop_actual_15min.csv
2020-12-14 01:00:00,0.0,0.0,0.0,0.0,0.0,0.0,pvgis_district_model,results/datasets/rooftop_actual_15min.csv
2020-12-14 02:00:00,0.0,0.0,0.0,0.0,0.0,0.0,pvgis_district_model,results/datasets/rooftop_actual_15min.csv
2020-12-14 03:00:00,0.0,0.0,0.0,0.0,0.0,0.0,pvgis_district_model,results/datasets/rooftop_actual_15min.csv
2020-12-14 04:00:00,0.0,0.0,0.0,0.0,0.0,0.0,pvgis_district_model,results/datasets/rooftop_actual_15min.csv
2020-12-14 05:00:00,0.0,0.0,0.0,0.0,0.0,0.0,pvgis_district_model,results/datasets/rooftop_actual_15min.csv
2020-12-14 06:00:00,170.8875,72.9871,65.208,86.0757,-97.90039999999999,-57.28938629215127,pvgis_district_model,results/datasets/rooftop_actual_15min.csv
2020-12-14 07:00:00,455.7,72.4199,64.7192,84.5185,-383.2801,-84.10798771121353,pvgis_district_model,results/datasets/rooftop_actual_15min.csv
2020-12-14 08:00:00,455.7,61.4587,54.7053,74.4063,-394.24129999999997,-86.51334211103796,pvgis_district_model,results/datasets/rooftop_actual_15min.csv
2020-12-14 09:00:00,455.7,57.8389,50.9995,70.0788,-397.86109999999996,-87.30768049155145,pvgis_district_model,results/datasets/rooftop_actual_15min.csv
2020-12-14 10:00:00,455.7,49.0016,42.33,62.391799999999996,-406.6984,-89.24696071977178,pvgis_district_model,results/datasets/rooftop_actual_15min.csv
2020-12-14 11:00:00,455.7,65.9289,58.6758,78.5466,-389.7711,-85.53238973008558,pvgis_district_model,results/datasets/rooftop_actual_15min.csv
2020-12-14 12:00:00,455.7,61.1331,53.819399999999995,75.0783,-394.5669,-86.5847926267281,pvgis_district_model,results/datasets/rooftop_actual_15min.csv
2020-12-14 13:00:00,455.7,33.2187,26.0704,47.1042,-422.4813,-92.71040157998684,pvgis_district_model,results/datasets/rooftop_actual_15min.csv
2020-12-14 14:00:00,455.7,44.6349,38.7991,57.2843,-411.0651,-90.20520078999341,pvgis_district_model,results/datasets/rooftop_actual_15min.csv
2020-12-14 15:00:00,284.8125,63.6196,56.2495,77.2625,-221.1929,-77.66263770024139,pvgis_district_model,results/datasets/rooftop_actual_15min.csv
2020-12-14 16:00:00,0.0,0.0,0.0,0.0,0.0,0.0,pvgis_district_model,results/datasets/rooftop_actual_15min.csv
2020-12-14 17:00:00,0.0,0.0,0.0,0.0,0.0,0.0,pvgis_district_model,results/datasets/rooftop_actual_15min.csv
2020-12-14 18:00:00,0.0,0.0,0.0,0.0,0.0,0.0,pvgis_district_model,results/datasets/rooftop_actual_15min.csv
2020-12-14 19:00:00,0.0,0.0,0.0,0.0,0.0,0.0,pvgis_district_model,results/datasets/rooftop_actual_15min.csv
2020-12-14 20:00:00,0.0,0.0,0.0,0.0,0.0,0.0,pvgis_district_model,results/datasets/rooftop_actual_15min.csv
2020-12-14 21:00:00,0.0,0.0,0.0,0.0,0.0,0.0,pvgis_district_model,results/datasets/rooftop_actual_15min.csv
2020-12-14 22:00:00,0.0,0.0,0.0,0.0,0.0,0.0,pvgis_district_model,results/datasets/rooftop_actual_15min.csv
2020-12-14 23:00:00,0.0,0.0,0.0,0.0,0.0,0.0,pvgis_district_model,results/datasets/rooftop_actual_15min.csv
2020-12-15 00:00:00,0.0,0.0,0.0,0.0,0.0,0.0,pvgis_district_model,results/datasets/rooftop_actual_15min.csv
2020-12-15 01:00:00,0.0,0.0,0.0,0.0,0.0,0.0,pvgis_district_model,results/datasets/rooftop_actual_15min.csv
2020-12-15 02:00:00,0.0,0.0,0.0,0.0,0.0,0.0,pvgis_district_model,results/datasets/rooftop_actual_15min.csv
2020-12-15 03:00:00,0.0,0.0,0.0,0.0,0.0,0.0,pvgis_district_model,results/datasets/rooftop_actual_15min.csv
2020-12-15 04:00:00,0.0,0.0,0.0,0.0,0.0,0.0,pvgis_district_model,results/datasets/rooftop_actual_15min.csv
2020-12-15 05:00:00,0.0,0.0,0.0,0.0,0.0,0.0,pvgis_district_model,results/datasets/rooftop_actual_15min.csv
2020-12-15 06:00:00,170.8875,95.8788,78.4058,119.624,-75.00869999999999,-43.8936142198815,pvgis_district_model,results/datasets/rooftop_actual_15min.csv
2020-12-15 07:00:00,455.7,58.1617,48.0082,72.1721,-397.5383,-87.23684441518543,pvgis_district_model,results/datasets/rooftop_actual_15min.csv
2020-12-15 08:00:00,455.7,82.8771,68.9606,100.4512,-372.8229,-81.81323238973009,pvgis_district_model,results/datasets/rooftop_actual_15min.csv
2020-12-15 09:00:00,455.7,55.246,47.1321,68.1435,-400.454,-87.87667324994514,pvgis_district_model,results/datasets/rooftop_actual_15min.csv
2020-12-15 10:00:00,455.7,28.1378,24.9789,35.541199999999996,-427.56219999999996,-93.82536756638137,pvgis_district_model,results/datasets/rooftop_actual_15min.csv
2020-12-15 11:00:00,455.7,29.4063,26.3085,34.8304,-426.2937,-93.54700460829494,pvgis_district_model,results/datasets/rooftop_actual_15min.csv
2020-12-15 12:00:00,455.7,29.352800000000002,26.4562,33.809,-426.3472,-93.55874478823787,pvgis_district_model,results/datasets/rooftop_actual_15min.csv
2020-12-15 13:00:00,455.7,27.7606,24.9805,34.4949,-427.9394,-93.90814132104454,pvgis_district_model,results/datasets/rooftop_actual_15min.csv
2020-12-15 14:00:00,455.7,26.5892,23.4987,34.7093,-429.1108,-94.1651964011411,pvgis_district_model,results/datasets/rooftop_actual_15min.csv
2020-12-15 15:00:00,284.8125,20.6603,16.7846,28.0302,-264.1522,-92.74599956111477,pvgis_district_model,results/datasets/rooftop_actual_15min.csv
2020-12-15 16:00:00,0.0,0.0,0.0,0.0,0.0,0.0,pvgis_district_model,results/datasets/rooftop_actual_15min.csv
2020-12-15 17:00:00,0.0,0.0,0.0,0.0,0.0,0.0,pvgis_district_model,results/datasets/rooftop_actual_15min.csv
2020-12-15 18:00:00,0.0,0.0,0.0,0.0,0.0,0.0,pvgis_district_model,results/datasets/rooftop_actual_15min.csv
2020-12-15 19:00:00,0.0,0.0,0.0,0.0,0.0,0.0,pvgis_district_model,results/datasets/rooftop_actual_15min.csv
2020-12-15 20:00:00,0.0,0.0,0.0,0.0,0.0,0.0,pvgis_district_model,results/datasets/rooftop_actual_15min.csv
2020-12-15 21:00:00,0.0,0.0,0.0,0.0,0.0,0.0,pvgis_district_model,results/datasets/rooftop_actual_15min.csv
2020-12-15 22:00:00,0.0,0.0,0.0,0.0,0.0,0.0,pvgis_district_model,results/datasets/rooftop_actual_15min.csv
2020-12-15 23:00:00,0.0,0.0,0.0,0.0,0.0,0.0,pvgis_district_model,results/datasets/rooftop_actual_15min.csv
2020-12-16 00:00:00,0.0,0.0,0.0,0.0,0.0,0.0,pvgis_district_model,results/datasets/rooftop_actual_15min.csv
2020-12-16 01:00:00,0.0,0.0,0.0,0.0,0.0,0.0,pvgis_district_model,results/datasets/rooftop_actual_15min.csv
2020-12-16 02:00:00,0.0,0.0,0.0,0.0,0.0,0.0,pvgis_district_model,results/datasets/rooftop_actual_15min.csv
2020-12-16 03:00:00,0.0,0.0,0.0,0.0,0.0,0.0,pvgis_district_model,results/datasets/rooftop_actual_15min.csv
2020-12-16 04:00:00,0.0,0.0,0.0,0.0,0.0,0.0,pvgis_district_model,results/datasets/rooftop_actual_15min.csv
2020-12-16 05:00:00,0.0,0.0,0.0,0.0,0.0,0.0,pvgis_district_model,results/datasets/rooftop_actual_15min.csv
2020-12-16 06:00:00,170.8875,66.4085,59.8042,78.6192,-104.47899999999998,-61.1390534708507,pvgis_district_model,results/datasets/rooftop_actual_15min.csv
2020-12-16 07:00:00,455.7,57.1773,50.0249,70.2146,-398.5227,-87.4528637261356,pvgis_district_model,results/datasets/rooftop_actual_15min.csv
2020-12-16 08:00:00,455.7,36.4899,31.4825,48.2607,-419.2101,-91.99256089532588,pvgis_district_model,results/datasets/rooftop_actual_15min.csv
2020-12-16 09:00:00,455.7,41.7155,36.2269,53.8155,-413.98449999999997,-90.84584156243142,pvgis_district_model,results/datasets/rooftop_actual_15min.csv
2020-12-16 10:00:00,455.7,58.2475,52.4681,70.1138,-397.4525,-87.21801623875356,pvgis_district_model,results/datasets/rooftop_actual_15min.csv
2020-12-16 11:00:00,455.7,62.1733,56.0674,72.2993,-393.5267,-86.35652841781874,pvgis_district_model,results/datasets/rooftop_actual_15min.csv
2020-12-16 12:00:00,455.7,45.2421,40.8118,51.7357,-410.4579,-90.07195523370639,pvgis_district_model,results/datasets/rooftop_actual_15min.csv
2020-12-16 13:00:00,455.7,62.3492,56.4405,71.4175,-393.3508,-86.31792846170727,pvgis_district_model,results/datasets/rooftop_actual_15min.csv
2020-12-16 14:00:00,455.7,55.413199999999996,52.604,61.7447,-400.28679999999997,-87.83998244459075,pvgis_district_model,results/datasets/rooftop_actual_15min.csv
2020-12-16 15:00:00,284.8125,49.9932,49.2572,54.7346,-234.8193,-82.44697827518104,pvgis_district_model,results/datasets/rooftop_actual_15min.csv
2020-12-16 16:00:00,0.0,0.0,0.0,0.0,0.0,0.0,pvgis_district_model,results/datasets/rooftop_actual_15min.csv
2020-12-16 17:00:00,0.0,0.0,0.0,0.0,0.0,0.0,pvgis_district_model,results/datasets/rooftop_actual_15min.csv
2020-12-16 18:00:00,0.0,0.0,0.0,0.0,0.0,0.0,pvgis_district_model,results/datasets/rooftop_actual_15min.csv
2020-12-16 19:00:00,0.0,0.0,0.0,0.0,0.0,0.0,pvgis_district_model,results/datasets/rooftop_actual_15min.csv
2020-12-16 20:00:00,0.0,0.0,0.0,0.0,0.0,0.0,pvgis_district_model,results/datasets/rooftop_actual_15min.csv
2020-12-16 21:00:00,0.0,0.0,0.0,0.0,0.0,0.0,pvgis_district_model,results/datasets/rooftop_actual_15min.csv
2020-12-16 22:00:00,0.0,0.0,0.0,0.0,0.0,0.0,pvgis_district_model,results/datasets/rooftop_actual_15min.csv
2020-12-16 23:00:00,0.0,0.0,0.0,0.0,0.0,0.0,pvgis_district_model,results/datasets/rooftop_actual_15min.csv
2020-12-17 00:00:00,0.0,0.0,0.0,0.0,0.0,0.0,pvgis_district_model,results/datasets/rooftop_actual_15min.csv
2020-12-17 01:00:00,0.0,0.0,0.0,0.0,0.0,0.0,pvgis_district_model,results/datasets/rooftop_actual_15min.csv
2020-12-17 02:00:00,0.0,0.0,0.0,0.0,0.0,0.0,pvgis_district_model,results/datasets/rooftop_actual_15min.csv
2020-12-17 03:00:00,0.0,0.0,0.0,0.0,0.0,0.0,pvgis_district_model,results/datasets/rooftop_actual_15min.csv
2020-12-17 04:00:00,0.0,0.0,0.0,0.0,0.0,0.0,pvgis_district_model,results/datasets/rooftop_actual_15min.csv
2020-12-17 05:00:00,0.0,0.0,0.0,0.0,0.0,0.0,pvgis_district_model,results/datasets/rooftop_actual_15min.csv
2020-12-17 06:00:00,170.8875,65.5761,58.8168,77.5096,-105.31139999999999,-61.626157559798116,pvgis_district_model,results/datasets/rooftop_actual_15min.csv
2020-12-17 07:00:00,455.7,67.3678,60.3161,77.96170000000001,-388.3322,-85.21663375027431,pvgis_district_model,results/datasets/rooftop_actual_15min.csv
2020-12-17 08:00:00,455.7,53.344,47.8217,63.8054,-402.356,-88.29405310511301,pvgis_district_model,results/datasets/rooftop_actual_15min.csv
2020-12-17 09:00:00,455.7,40.144999999999996,34.5422,50.8359,-415.555,-91.19047619047619,pvgis_district_model,results/datasets/rooftop_actual_15min.csv
2020-12-17 10:00:00,455.7,27.206,21.324,39.8287,-428.49399999999997,-94.0298441957428,pvgis_district_model,results/datasets/rooftop_actual_15min.csv
2020-12-17 11:00:00,455.7,63.2701,56.6558,75.9442,-392.4299,-86.11584375685759,pvgis_district_model,results/datasets/rooftop_actual_15min.csv
2020-12-17 12:00:00,455.7,57.1387,51.8058,68.7248,-398.56129999999996,-87.46133421110379,pvgis_district_model,results/datasets/rooftop_actual_15min.csv
2020-12-17 13:00:00,455.7,27.7386,21.8551,40.3575,-427.96139999999997,-93.91296905859117,pvgis_district_model,results/datasets/rooftop_actual_15min.csv
2020-12-17 14:00:00,455.7,44.4337,39.4485,56.1409,-411.2663,-90.24935264428352,pvgis_district_model,results/datasets/rooftop_actual_15min.csv
2020-12-17 15:00:00,284.8125,60.2811,55.0806,71.01820000000001,-224.5314,-78.83481237656353,pvgis_district_model,results/datasets/rooftop_actual_15min.csv
2020-12-17 16:00:00,0.0,0.0,0.0,0.0,0.0,0.0,pvgis_district_model,results/datasets/rooftop_actual_15min.csv
2020-12-17 17:00:00,0.0,0.0,0.0,0.0,0.0,0.0,pvgis_district_model,results/datasets/rooftop_actual_15min.csv
2020-12-17 18:00:00,0.0,0.0,0.0,0.0,0.0,0.0,pvgis_district_model,results/datasets/rooftop_actual_15min.csv
2020-12-17 19:00:00,0.0,0.0,0.0,0.0,0.0,0.0,pvgis_district_model,results/datasets/rooftop_actual_15min.csv
2020-12-17 20:00:00,0.0,0.0,0.0,0.0,0.0,0.0,pvgis_district_model,results/datasets/rooftop_actual_15min.csv
2020-12-17 21:00:00,0.0,0.0,0.0,0.0,0.0,0.0,pvgis_district_model,results/datasets/rooftop_actual_15min.csv
2020-12-17 22:00:00,0.0,0.0,0.0,0.0,0.0,0.0,pvgis_district_model,results/datasets/rooftop_actual_15min.csv
2020-12-17 23:00:00,0.0,0.0,0.0,0.0,0.0,0.0,pvgis_district_model,results/datasets/rooftop_actual_15min.csv
2020-12-18 00:00:00,0.0,0.0,0.0,0.0,0.0,0.0,pvgis_district_model,results/datasets/rooftop_actual_15min.csv
2020-12-18 01:00:00,0.0,0.0,0.0,0.0,0.0,0.0,pvgis_district_model,results/datasets/rooftop_actual_15min.csv
2020-12-18 02:00:00,0.0,0.0,0.0,0.0,0.0,0.0,pvgis_district_model,results/datasets/rooftop_actual_15min.csv
2020-12-18 03:00:00,0.0,0.0,0.0,0.0,0.0,0.0,pvgis_district_model,results/datasets/rooftop_actual_15min.csv
2020-12-18 04:00:00,0.0,0.0,0.0,0.0,0.0,0.0,pvgis_district_model,results/datasets/rooftop_actual_15min.csv
2020-12-18 05:00:00,0.0,0.0,0.0,0.0,0.0,0.0,pvgis_district_model,results/datasets/rooftop_actual_15min.csv
2020-12-18 06:00:00,170.6445,46.7725,34.8528,61.6933,-123.87199999999999,-72.59067828145648,pvgis_district_model,results/datasets/rooftop_actual_15min.csv
2020-12-18 07:00:00,455.295,29.1811,19.877000000000002,41.8796,-426.1139,-93.59072689135616,pvgis_district_model,results/datasets/rooftop_actual_15min.csv
2020-12-18 08:00:00,455.7,42.3461,31.6144,56.6763,-413.3539,-90.7074610489357,pvgis_district_model,results/datasets/rooftop_actual_15min.csv
2020-12-18 09:00:00,455.7,44.7165,37.4524,56.5939,-410.9835,-90.18729427254773,pvgis_district_model,results/datasets/rooftop_actual_15min.csv
2020-12-18 10:00:00,455.7,45.4316,39.2938,58.2412,-410.2684,-90.03037085802062,pvgis_district_model,results/datasets/rooftop_actual_15min.csv
2020-12-18 11:00:00,455.7,62.877900000000004,55.8745,76.5802,-392.8221,-86.20190915075707,pvgis_district_model,results/datasets/rooftop_actual_15min.csv
2020-12-18 12:00:00,455.7,63.152300000000004,56.4722,76.3503,-392.54769999999996,-86.14169409699363,pvgis_district_model,results/datasets/rooftop_actual_15min.csv
2020-12-18 13:00:00,455.7,60.614200000000004,54.071,74.0922,-395.0858,-86.69866140004389,pvgis_district_model,results/datasets/rooftop_actual_15min.csv
2020-12-18 14:00:00,455.7,41.3283,35.5044,53.8486,-414.3717,-90.93080974325214,pvgis_district_model,results/datasets/rooftop_actual_15min.csv
2020-12-18 15:00:00,284.8125,37.170899999999996,31.2701,49.5001,-247.6416,-86.94899275839369,pvgis_district_model,results/datasets/rooftop_actual_15min.csv
2020-12-18 16:00:00,0.0,0.0,0.0,0.0,0.0,0.0,pvgis_district_model,results/datasets/rooftop_actual_15min.csv
2020-12-18 17:00:00,0.0,0.0,0.0,0.0,0.0,0.0,pvgis_district_model,results/datasets/rooftop_actual_15min.csv
2020-12-18 18:00:00,0.0,0.0,0.0,0.0,0.0,0.0,pvgis_district_model,results/datasets/rooftop_actual_15min.csv
2020-12-18 19:00:00,0.0,0.0,0.0,0.0,0.0,0.0,pvgis_district_model,results/datasets/rooftop_actual_15min.csv
2020-12-18 20:00:00,0.0,0.0,0.0,0.0,0.0,0.0,pvgis_district_model,results/datasets/rooftop_actual_15min.csv
2020-12-18 21:00:00,0.0,0.0,0.0,0.0,0.0,0.0,pvgis_district_model,results/datasets/rooftop_actual_15min.csv
2020-12-18 22:00:00,0.0,0.0,0.0,0.0,0.0,0.0,pvgis_district_model,results/datasets/rooftop_actual_15min.csv
2020-12-18 23:00:00,0.0,0.0,0.0,0.0,0.0,0.0,pvgis_district_model,results/datasets/rooftop_actual_15min.csv
2020-12-19 00:00:00,0.0,0.0,0.0,0.0,0.0,0.0,pvgis_district_model,results/datasets/rooftop_actual_15min.csv
2020-12-19 01:00:00,0.0,0.0,0.0,0.0,0.0,0.0,pvgis_district_model,results/datasets/rooftop_actual_15min.csv
2020-12-19 02:00:00,0.0,0.0,0.0,0.0,0.0,0.0,pvgis_district_model,results/datasets/rooftop_actual_15min.csv
2020-12-19 03:00:00,0.0,0.0,0.0,0.0,0.0,0.0,pvgis_district_model,results/datasets/rooftop_actual_15min.csv
2020-12-19 04:00:00,0.0,0.0,0.0,0.0,0.0,0.0,pvgis_district_model,results/datasets/rooftop_actual_15min.csv
2020-12-19 05:00:00,0.0,0.0,0.0,0.0,0.0,0.0,pvgis_district_model,results/datasets/rooftop_actual_15min.csv
2020-12-19 06:00:00,170.805,31.3462,27.8787,38.137100000000004,-139.4588,-81.6479611252598,pvgis_district_model,results/datasets/rooftop_actual_15min.csv
2020-12-19 07:00:00,455.5625,27.3424,24.1889,34.2991,-428.2201,-93.99810124845658,pvgis_district_model,results/datasets/rooftop_actual_15min.csv
2020-12-19 08:00:00,455.7,27.4237,24.2176,37.5629,-428.2763,-93.98207153829273,pvgis_district_model,results/datasets/rooftop_actual_15min.csv
2020-12-19 09:00:00,455.7,23.86,19.6949,33.9777,-431.84,-94.76409918806232,pvgis_district_model,results/datasets/rooftop_actual_15min.csv
2020-12-19 10:00:00,455.7,28.0058,24.82,36.7611,-427.69419999999997,-93.85433399166118,pvgis_district_model,results/datasets/rooftop_actual_15min.csv
2020-12-19 11:00:00,455.7,28.9245,26.4518,33.916199999999996,-426.77549999999997,-93.65273206056615,pvgis_district_model,results/datasets/rooftop_actual_15min.csv
2020-12-19 12:00:00,455.7,20.1894,18.0505,23.2744,-435.5106,-95.56958525345622,pvgis_district_model,results/datasets/rooftop_actual_15min.csv
2020-12-19 13:00:00,455.7,28.4299,26.2491,31.8982,-427.2701,-93.76126837831907,pvgis_district_model,results/datasets/rooftop_actual_15min.csv
2020-12-19 14:00:00,455.7,84.6175,75.6729,98.2424,-371.0825,-81.43131446126839,pvgis_district_model,results/datasets/rooftop_actual_15min.csv
2020-12-19 15:00:00,284.8125,134.0157,120.3424,152.3475,-150.7968,-52.94599078341013,pvgis_district_model,results/datasets/rooftop_actual_15min.csv
2020-12-19 16:00:00,0.0,0.0,0.0,0.0,0.0,0.0,pvgis_district_model,results/datasets/rooftop_actual_15min.csv
2020-12-19 17:00:00,0.0,0.0,0.0,0.0,0.0,0.0,pvgis_district_model,results/datasets/rooftop_actual_15min.csv
2020-12-19 18:00:00,0.0,0.0,0.0,0.0,0.0,0.0,pvgis_district_model,results/datasets/rooftop_actual_15min.csv
2020-12-19 19:00:00,0.0,0.0,0.0,0.0,0.0,0.0,pvgis_district_model,results/datasets/rooftop_actual_15min.csv
2020-12-19 20:00:00,0.0,0.0,0.0,0.0,0.0,0.0,pvgis_district_model,results/datasets/rooftop_actual_15min.csv
2020-12-19 21:00:00,0.0,0.0,0.0,0.0,0.0,0.0,pvgis_district_model,results/datasets/rooftop_actual_15min.csv
2020-12-19 22:00:00,0.0,0.0,0.0,0.0,0.0,0.0,pvgis_district_model,results/datasets/rooftop_actual_15min.csv
2020-12-19 23:00:00,0.0,0.0,0.0,0.0,0.0,0.0,pvgis_district_model,results/datasets/rooftop_actual_15min.csv
2020-12-20 00:00:00,0.0,0.0,0.0,0.0,0.0,0.0,pvgis_district_model,results/datasets/rooftop_actual_15min.csv
2020-12-20 01:00:00,0.0,0.0,0.0,0.0,0.0,0.0,pvgis_district_model,results/datasets/rooftop_actual_15min.csv
2020-12-20 02:00:00,0.0,0.0,0.0,0.0,0.0,0.0,pvgis_district_model,results/datasets/rooftop_actual_15min.csv
2020-12-20 03:00:00,0.0,0.0,0.0,0.0,0.0,0.0,pvgis_district_model,results/datasets/rooftop_actual_15min.csv
2020-12-20 04:00:00,0.0,0.0,0.0,0.0,0.0,0.0,pvgis_district_model,results/datasets/rooftop_actual_15min.csv
2020-12-20 05:00:00,0.0,0.0,0.0,0.0,0.0,0.0,pvgis_district_model,results/datasets/rooftop_actual_15min.csv
2020-12-20 06:00:00,163.144875,151.9375,133.1196,175.812,-11.207375000000013,-6.869584472083486,pvgis_district_model,results/datasets/rooftop_actual_15min.csv
2020-12-20 07:00:00,442.795625,151.599,134.012,172.9716,-291.196625,-65.76321186551922,pvgis_district_model,results/datasets/rooftop_actual_15min.csv
2020-12-20 08:00:00,455.7,137.4157,120.9952,159.0122,-318.28430000000003,-69.84513934606102,pvgis_district_model,results/datasets/rooftop_actual_15min.csv
2020-12-20 09:00:00,455.7,114.8374,101.1934,133.5928,-340.8626,-74.79978055738425,pvgis_district_model,results/datasets/rooftop_actual_15min.csv
2020-12-20 10:00:00,455.7,90.0013,79.7233,106.8411,-365.6987,-80.24987930656133,pvgis_district_model,results/datasets/rooftop_actual_15min.csv
2020-12-20 11:00:00,455.7,136.3158,120.6981,156.396,-319.38419999999996,-70.086504279131,pvgis_district_model,results/datasets/rooftop_actual_15min.csv
2020-12-20 12:00:00,455.7,131.2066,115.23570000000001,153.1124,-324.49339999999995,-71.20768049155146,pvgis_district_model,results/datasets/rooftop_actual_15min.csv
2020-12-20 13:00:00,455.7,75.9189,66.9957,91.369,-379.7811,-83.34015799868335,pvgis_district_model,results/datasets/rooftop_actual_15min.csv
2020-12-20 14:00:00,455.7,89.9628,79.602,106.8826,-365.7372,-80.25832784726792,pvgis_district_model,results/datasets/rooftop_actual_15min.csv
2020-12-20 15:00:00,284.8125,126.66120000000001,111.7545,147.2727,-158.1513,-55.5282159315339,pvgis_district_model,results/datasets/rooftop_actual_15min.csv
2020-12-20 16:00:00,0.0,0.0,0.0,0.0,0.0,0.0,pvgis_district_model,results/datasets/rooftop_actual_15min.csv
2020-12-20 17:00:00,0.0,0.0,0.0,0.0,0.0,0.0,pvgis_district_model,results/datasets/rooftop_actual_15min.csv
2020-12-20 18:00:00,0.0,0.0,0.0,0.0,0.0,0.0,pvgis_district_model,results/datasets/rooftop_actual_15min.csv
2020-12-20 19:00:00,0.0,0.0,0.0,0.0,0.0,0.0,pvgis_district_model,results/datasets/rooftop_actual_15min.csv
2020-12-20 20:00:00,0.0,0.0,0.0,0.0,0.0,0.0,pvgis_district_model,results/datasets/rooftop_actual_15min.csv
2020-12-20 21:00:00,0.0,0.0,0.0,0.0,0.0,0.0,pvgis_district_model,results/datasets/rooftop_actual_15min.csv
2020-12-20 22:00:00,0.0,0.0,0.0,0.0,0.0,0.0,pvgis_district_model,results/datasets/rooftop_actual_15min.csv
2020-12-20 23:00:00,0.0,0.0,0.0,0.0,0.0,0.0,pvgis_district_model,results/datasets/rooftop_actual_15min.csv
2020-12-21 00:00:00,0.0,0.0,0.0,0.0,0.0,0.0,pvgis_district_model,results/datasets/rooftop_actual_15min.csv
2020-12-21 01:00:00,0.0,0.0,0.0,0.0,0.0,0.0,pvgis_district_model,results/datasets/rooftop_actual_15min.csv
2020-12-21 02:00:00,0.0,0.0,0.0,0.0,0.0,0.0,pvgis_district_model,results/datasets/rooftop_actual_15min.csv
2020-12-21 03:00:00,0.0,0.0,0.0,0.0,0.0,0.0,pvgis_district_model,results/datasets/rooftop_actual_15min.csv
2020-12-21 04:00:00,0.0,0.0,0.0,0.0,0.0,0.0,pvgis_district_model,results/datasets/rooftop_actual_15min.csv
2020-12-21 05:00:00,0.0,0.0,0.0,0.0,0.0,0.0,pvgis_district_model,results/datasets/rooftop_actual_15min.csv
2020-12-21 06:00:00,170.8875,69.2097,62.449,79.4874,-101.67779999999999,-59.49984639016897,pvgis_district_model,results/datasets/rooftop_actual_15min.csv
2020-12-21 07:00:00,455.7,36.4196,31.2763,44.675200000000004,-419.2804,-92.00798771121352,pvgis_district_model,results/datasets/rooftop_actual_15min.csv
2020-12-21 08:00:00,455.7,61.9546,56.2434,69.7647,-393.7454,-86.40452051788458,pvgis_district_model,results/datasets/rooftop_actual_15min.csv
2020-12-21 09:00:00,455.7,61.363099999999996,55.0196,71.1232,-394.3369,-86.53432082510425,pvgis_district_model,results/datasets/rooftop_actual_15min.csv
2020-12-21 10:00:00,455.7,55.9286,48.9599,68.1228,-399.77139999999997,-87.72688172043011,pvgis_district_model,results/datasets/rooftop_actual_15min.csv
2020-12-21 11:00:00,455.7,65.3564,58.358000000000004,76.0875,-390.3436,-85.65802062760588,pvgis_district_model,results/datasets/rooftop_actual_15min.csv
2020-12-21 12:00:00,455.7,65.9522,59.002,74.8031,-389.7478,-85.52727671713846,pvgis_district_model,results/datasets/rooftop_actual_15min.csv
2020-12-21 13:00:00,455.7,61.085499999999996,54.2362,72.0091,-394.6145,-86.5952380952381,pvgis_district_model,results/datasets/rooftop_actual_15min.csv
2020-12-21 14:00:00,455.7,52.1766,45.0039,65.0011,-403.5234,-88.55023041474654,pvgis_district_model,results/datasets/rooftop_actual_15min.csv
2020-12-21 15:00:00,284.8125,56.4741,48.7655,69.2816,-228.3384,-80.17148123765635,pvgis_district_model,results/datasets/rooftop_actual_15min.csv
2020-12-21 16:00:00,0.0,0.0,0.0,0.0,0.0,0.0,pvgis_district_model,results/datasets/rooftop_actual_15min.csv
2020-12-21 17:00:00,0.0,0.0,0.0,0.0,0.0,0.0,pvgis_district_model,results/datasets/rooftop_actual_15min.csv
2020-12-21 18:00:00,0.0,0.0,0.0,0.0,0.0,0.0,pvgis_district_model,results/datasets/rooftop_actual_15min.csv
2020-12-21 19:00:00,0.0,0.0,0.0,0.0,0.0,0.0,pvgis_district_model,results/datasets/rooftop_actual_15min.csv
2020-12-21 20:00:00,0.0,0.0,0.0,0.0,0.0,0.0,pvgis_district_model,results/datasets/rooftop_actual_15min.csv
2020-12-21 21:00:00,0.0,0.0,0.0,0.0,0.0,0.0,pvgis_district_model,results/datasets/rooftop_actual_15min.csv
2020-12-21 22:00:00,0.0,0.0,0.0,0.0,0.0,0.0,pvgis_district_model,results/datasets/rooftop_actual_15min.csv
2020-12-21 23:00:00,0.0,0.0,0.0,0.0,0.0,0.0,pvgis_district_model,results/datasets/rooftop_actual_15min.csv
2020-12-22 00:00:00,0.0,0.0,0.0,0.0,0.0,0.0,pvgis_district_model,results/datasets/rooftop_actual_15min.csv
2020-12-22 01:00:00,0.0,0.0,0.0,0.0,0.0,0.0,pvgis_district_model,results/datasets/rooftop_actual_15min.csv
2020-12-22 02:00:00,0.0,0.0,0.0,0.0,0.0,0.0,pvgis_district_model,results/datasets/rooftop_actual_15min.csv
2020-12-22 03:00:00,0.0,0.0,0.0,0.0,0.0,0.0,pvgis_district_model,results/datasets/rooftop_actual_15min.csv
2020-12-22 04:00:00,0.0,0.0,0.0,0.0,0.0,0.0,pvgis_district_model,results/datasets/rooftop_actual_15min.csv
2020-12-22 05:00:00,0.0,0.0,0.0,0.0,0.0,0.0,pvgis_district_model,results/datasets/rooftop_actual_15min.csv
2020-12-22 06:00:00,170.8875,148.345,131.7578,171.0542,-22.54249999999999,-13.191427108477795,pvgis_district_model,results/datasets/rooftop_actual_15min.csv
2020-12-22 07:00:00,455.7,128.8515,115.2037,148.6208,-326.8485,-71.72448979591836,pvgis_district_model,results/datasets/rooftop_actual_15min.csv
2020-12-22 08:00:00,455.7,57.2662,49.8721,71.2344,-398.4338,-87.43335527759493,pvgis_district_model,results/datasets/rooftop_actual_15min.csv
2020-12-22 09:00:00,455.7,68.4871,61.3599,82.4226,-387.2129,-84.97101163045863,pvgis_district_model,results/datasets/rooftop_actual_15min.csv
2020-12-22 10:00:00,455.7,115.4526,105.03880000000001,132.4465,-340.24739999999997,-74.66477946017116,pvgis_district_model,results/datasets/rooftop_actual_15min.csv
2020-12-22 11:00:00,455.7,134.8206,120.289,155.9408,-320.8794,-70.41461487820935,pvgis_district_model,results/datasets/rooftop_actual_15min.csv
2020-12-22 12:00:00,455.7,77.62389999999999,69.0511,90.6151,-378.0761,-82.9660083388194,pvgis_district_model,results/datasets/rooftop_actual_15min.csv
2020-12-22 13:00:00,455.7,137.2643,122.6763,157.9049,-318.4357,-69.87836295808646,pvgis_district_model,results/datasets/rooftop_actual_15min.csv
2020-12-22 14:00:00,455.7,91.8507,75.7555,111.588,-363.84929999999997,-79.84404213298222,pvgis_district_model,results/datasets/rooftop_actual_15min.csv
2020-12-22 15:00:00,284.8125,66.6193,45.6654,89.709,-218.1932,-76.60941847706825,pvgis_district_model,results/datasets/rooftop_actual_15min.csv
2020-12-22 16:00:00,0.0,0.0,0.0,0.0,0.0,0.0,pvgis_district_model,results/datasets/rooftop_actual_15min.csv
2020-12-22 17:00:00,0.0,0.0,0.0,0.0,0.0,0.0,pvgis_district_model,results/datasets/rooftop_actual_15min.csv
2020-12-22 18:00:00,0.0,0.0,0.0,0.0,0.0,0.0,pvgis_district_model,results/datasets/rooftop_actual_15min.csv
2020-12-22 19:00:00,0.0,0.0,0.0,0.0,0.0,0.0,pvgis_district_model,results/datasets/rooftop_actual_15min.csv
2020-12-22 20:00:00,0.0,0.0,0.0,0.0,0.0,0.0,pvgis_district_model,results/datasets/rooftop_actual_15min.csv
2020-12-22 21:00:00,0.0,0.0,0.0,0.0,0.0,0.0,pvgis_district_model,results/datasets/rooftop_actual_15min.csv
2020-12-22 22:00:00,0.0,0.0,0.0,0.0,0.0,0.0,pvgis_district_model,results/datasets/rooftop_actual_15min.csv
2020-12-22 23:00:00,0.0,0.0,0.0,0.0,0.0,0.0,pvgis_district_model,results/datasets/rooftop_actual_15min.csv
2020-12-23 00:00:00,0.0,0.0,0.0,0.0,0.0,0.0,pvgis_district_model,results/datasets/rooftop_actual_15min.csv
2020-12-23 01:00:00,0.0,0.0,0.0,0.0,0.0,0.0,pvgis_district_model,results/datasets/rooftop_actual_15min.csv
2020-12-23 02:00:00,0.0,0.0,0.0,0.0,0.0,0.0,pvgis_district_model,results/datasets/rooftop_actual_15min.csv
2020-12-23 03:00:00,0.0,0.0,0.0,0.0,0.0,0.0,pvgis_district_model,results/datasets/rooftop_actual_15min.csv
2020-12-23 04:00:00,0.0,0.0,0.0,0.0,0.0,0.0,pvgis_district_model,results/datasets/rooftop_actual_15min.csv
2020-12-23 05:00:00,0.0,0.0,0.0,0.0,0.0,0.0,pvgis_district_model,results/datasets/rooftop_actual_15min.csv
2020-12-23 06:00:00,170.8875,268.90139999999997,200.7182,340.7367,98.01389999999998,57.35580425718673,pvgis_district_model,results/datasets/rooftop_actual_15min.csv
2020-12-23 07:00:00,455.7,270.214,204.3126,339.8198,-185.486,-40.70353302611367,pvgis_district_model,results/datasets/rooftop_actual_15min.csv
2020-12-23 08:00:00,455.7,234.1775,177.268,295.1033,-221.52249999999998,-48.61147684880403,pvgis_district_model,results/datasets/rooftop_actual_15min.csv
2020-12-23 09:00:00,455.7,241.58689999999999,181.2708,305.8227,-214.1131,-46.98553873162169,pvgis_district_model,results/datasets/rooftop_actual_15min.csv
2020-12-23 10:00:00,455.7,228.54410000000001,172.078,288.9248,-227.15589999999997,-49.84768488040377,pvgis_district_model,results/datasets/rooftop_actual_15min.csv
2020-12-23 11:00:00,455.7,245.7096,183.5789,311.7957,-209.9904,-46.0808426596445,pvgis_district_model,results/datasets/rooftop_actual_15min.csv
2020-12-23 12:00:00,455.7,231.1815,174.3103,291.9798,-224.5185,-49.26892692560895,pvgis_district_model,results/datasets/rooftop_actual_15min.csv
2020-12-23 13:00:00,455.7,175.642,136.2712,218.9275,-280.058,-61.45666008338819,pvgis_district_model,results/datasets/rooftop_actual_15min.csv
2020-12-23 14:00:00,455.7,214.4492,164.3353,268.5189,-241.2508,-52.94070660522273,pvgis_district_model,results/datasets/rooftop_actual_15min.csv
2020-12-23 15:00:00,284.8125,223.6013,173.6155,277.2499,-61.21119999999999,-21.491753346499888,pvgis_district_model,results/datasets/rooftop_actual_15min.csv
2020-12-23 16:00:00,0.0,0.0,0.0,0.0,0.0,0.0,pvgis_district_model,results/datasets/rooftop_actual_15min.csv
2020-12-23 17:00:00,0.0,0.0,0.0,0.0,0.0,0.0,pvgis_district_model,results/datasets/rooftop_actual_15min.csv
2020-12-23 18:00:00,0.0,0.0,0.0,0.0,0.0,0.0,pvgis_district_model,results/datasets/rooftop_actual_15min.csv
2020-12-23 19:00:00,0.0,0.0,0.0,0.0,0.0,0.0,pvgis_district_model,results/datasets/rooftop_actual_15min.csv
2020-12-23 20:00:00,0.0,0.0,0.0,0.0,0.0,0.0,pvgis_district_model,results/datasets/rooftop_actual_15min.csv
2020-12-23 21:00:00,0.0,0.0,0.0,0.0,0.0,0.0,pvgis_district_model,results/datasets/rooftop_actual_15min.csv
2020-12-23 22:00:00,0.0,0.0,0.0,0.0,0.0,0.0,pvgis_district_model,results/datasets/rooftop_actual_15min.csv
2020-12-23 23:00:00,0.0,0.0,0.0,0.0,0.0,0.0,pvgis_district_model,results/datasets/rooftop_actual_15min.csv
2020-12-24 00:00:00,0.0,0.0,0.0,0.0,0.0,0.0,pvgis_district_model,results/datasets/rooftop_actual_15min.csv
2020-12-24 01:00:00,0.0,0.0,0.0,0.0,0.0,0.0,pvgis_district_model,results/datasets/rooftop_actual_15min.csv
2020-12-24 02:00:00,0.0,0.0,0.0,0.0,0.0,0.0,pvgis_district_model,results/datasets/rooftop_actual_15min.csv
2020-12-24 03:00:00,0.0,0.0,0.0,0.0,0.0,0.0,pvgis_district_model,results/datasets/rooftop_actual_15min.csv
2020-12-24 04:00:00,0.0,0.0,0.0,0.0,0.0,0.0,pvgis_district_model,results/datasets/rooftop_actual_15min.csv
2020-12-24 05:00:00,0.0,0.0,0.0,0.0,0.0,0.0,pvgis_district_model,results/datasets/rooftop_actual_15min.csv
2020-12-24 06:00:00,170.8875,285.2589,211.8326,362.3897,114.3714,66.9278911564626,pvgis_district_model,results/datasets/rooftop_actual_15min.csv
2020-12-24 07:00:00,455.7,171.4874,133.6543,212.763,-284.21259999999995,-62.36835637480798,pvgis_district_model,results/datasets/rooftop_actual_15min.csv
2020-12-24 08:00:00,455.7,246.8726,185.8647,311.7206,-208.82739999999998,-45.8256308975203,pvgis_district_model,results/datasets/rooftop_actual_15min.csv
2020-12-24 09:00:00,455.7,204.6721,161.6577,252.3805,-251.0279,-55.08621900373052,pvgis_district_model,results/datasets/rooftop_actual_15min.csv
2020-12-24 10:00:00,455.7,147.1882,125.5672,174.9507,-308.5118,-67.70063638358569,pvgis_district_model,results/datasets/rooftop_actual_15min.csv
2020-12-24 11:00:00,455.7,163.0229,138.838,193.0352,-292.6771,-64.22582839587447,pvgis_district_model,results/datasets/rooftop_actual_15min.csv
2020-12-24 12:00:00,455.7,165.9961,141.949,195.1542,-289.7039,-63.5733816107088,pvgis_district_model,results/datasets/rooftop_actual_15min.csv
2020-12-24 13:00:00,455.7,143.7236,123.39139999999999,169.5855,-311.9764,-68.46091727013386,pvgis_district_model,results/datasets/rooftop_actual_15min.csv
2020-12-24 14:00:00,455.7,144.536,123.5527,171.1936,-311.164,-68.2826420890937,pvgis_district_model,results/datasets/rooftop_actual_15min.csv
2020-12-24 15:00:00,284.8125,148.6493,127.9939,174.6336,-136.1632,-47.80801404432741,pvgis_district_model,results/datasets/rooftop_actual_15min.csv
2020-12-24 16:00:00,0.0,0.0,0.0,0.0,0.0,0.0,pvgis_district_model,results/datasets/rooftop_actual_15min.csv
2020-12-24 17:00:00,0.0,0.0,0.0,0.0,0.0,0.0,pvgis_district_model,results/datasets/rooftop_actual_15min.csv
2020-12-24 18:00:00,0.0,0.0,0.0,0.0,0.0,0.0,pvgis_district_model,results/datasets/rooftop_actual_15min.csv
2020-12-24 19:00:00,0.0,0.0,0.0,0.0,0.0,0.0,pvgis_district_model,results/datasets/rooftop_actual_15min.csv
2020-12-24 20:00:00,0.0,0.0,0.0,0.0,0.0,0.0,pvgis_district_model,results/datasets/rooftop_actual_15min.csv
2020-12-24 21:00:00,0.0,0.0,0.0,0.0,0.0,0.0,pvgis_district_model,results/datasets/rooftop_actual_15min.csv
2020-12-24 22:00:00,0.0,0.0,0.0,0.0,0.0,0.0,pvgis_district_model,results/datasets/rooftop_actual_15min.csv
2020-12-24 23:00:00,0.0,0.0,0.0,0.0,0.0,0.0,pvgis_district_model,results/datasets/rooftop_actual_15min.csv
2020-12-25 00:00:00,0.0,0.0,0.0,0.0,0.0,0.0,pvgis_district_model,results/datasets/rooftop_actual_15min.csv
2020-12-25 01:00:00,0.0,0.0,0.0,0.0,0.0,0.0,pvgis_district_model,results/datasets/rooftop_actual_15min.csv
2020-12-25 02:00:00,0.0,0.0,0.0,0.0,0.0,0.0,pvgis_district_model,results/datasets/rooftop_actual_15min.csv
2020-12-25 03:00:00,0.0,0.0,0.0,0.0,0.0,0.0,pvgis_district_model,results/datasets/rooftop_actual_15min.csv
2020-12-25 04:00:00,0.0,0.0,0.0,0.0,0.0,0.0,pvgis_district_model,results/datasets/rooftop_actual_15min.csv
2020-12-25 05:00:00,0.0,0.0,0.0,0.0,0.0,0.0,pvgis_district_model,results/datasets/rooftop_actual_15min.csv
2020-12-25 06:00:00,170.8875,34.5699,30.1948,41.1414,-136.3176,-79.77037524687294,pvgis_district_model,results/datasets/rooftop_actual_15min.csv
2020-12-25 07:00:00,455.7,27.2093,22.990299999999998,35.5258,-428.4907,-94.02912003511082,pvgis_district_model,results/datasets/rooftop_actual_15min.csv
2020-12-25 08:00:00,455.7,17.9039,13.3825,28.8798,-437.79609999999997,-96.07112135176651,pvgis_district_model,results/datasets/rooftop_actual_15min.csv
2020-12-25 09:00:00,455.7,23.177500000000002,18.8379,32.0067,-432.5225,-94.91386877331578,pvgis_district_model,results/datasets/rooftop_actual_15min.csv
2020-12-25 10:00:00,455.7,31.3071,27.4606,39.585,-424.3929,-93.12988808426597,pvgis_district_model,results/datasets/rooftop_actual_15min.csv
2020-12-25 11:00:00,455.7,31.6013,28.0074,38.539500000000004,-424.0987,-93.06532806671056,pvgis_district_model,results/datasets/rooftop_actual_15min.csv
2020-12-25 12:00:00,455.7,16.6267,13.7877,20.528100000000002,-439.0733,-96.35139346061005,pvgis_district_model,results/datasets/rooftop_actual_15min.csv
2020-12-25 13:00:00,455.7,31.6298,28.2337,36.2598,-424.0702,-93.05907395216151,pvgis_district_model,results/datasets/rooftop_actual_15min.csv
2020-12-25 14:00:00,455.7,47.8479,35.3153,62.870200000000004,-407.8521,-89.50013166556946,pvgis_district_model,results/datasets/rooftop_actual_15min.csv
2020-12-25 15:00:00,284.8125,56.922399999999996,39.514,75.8602,-227.89010000000002,-80.01407943822691,pvgis_district_model,results/datasets/rooftop_actual_15min.csv
2020-12-25 16:00:00,0.0,0.0,0.0,0.0,0.0,0.0,pvgis_district_model,results/datasets/rooftop_actual_15min.csv
2020-12-25 17:00:00,0.0,0.0,0.0,0.0,0.0,0.0,pvgis_district_model,results/datasets/rooftop_actual_15min.csv
2020-12-25 18:00:00,0.0,0.0,0.0,0.0,0.0,0.0,pvgis_district_model,results/datasets/rooftop_actual_15min.csv
2020-12-25 19:00:00,0.0,0.0,0.0,0.0,0.0,0.0,pvgis_district_model,results/datasets/rooftop_actual_15min.csv
2020-12-25 20:00:00,0.0,0.0,0.0,0.0,0.0,0.0,pvgis_district_model,results/datasets/rooftop_actual_15min.csv
2020-12-25 21:00:00,0.0,0.0,0.0,0.0,0.0,0.0,pvgis_district_model,results/datasets/rooftop_actual_15min.csv
2020-12-25 22:00:00,0.0,0.0,0.0,0.0,0.0,0.0,pvgis_district_model,results/datasets/rooftop_actual_15min.csv
2020-12-25 23:00:00,0.0,0.0,0.0,0.0,0.0,0.0,pvgis_district_model,results/datasets/rooftop_actual_15min.csv
2020-12-26 00:00:00,0.0,0.0,0.0,0.0,0.0,0.0,pvgis_district_model,results/datasets/rooftop_actual_15min.csv
2020-12-26 01:00:00,0.0,0.0,0.0,0.0,0.0,0.0,pvgis_district_model,results/datasets/rooftop_actual_15min.csv
2020-12-26 02:00:00,0.0,0.0,0.0,0.0,0.0,0.0,pvgis_district_model,results/datasets/rooftop_actual_15min.csv
2020-12-26 03:00:00,0.0,0.0,0.0,0.0,0.0,0.0,pvgis_district_model,results/datasets/rooftop_actual_15min.csv
2020-12-26 04:00:00,0.0,0.0,0.0,0.0,0.0,0.0,pvgis_district_model,results/datasets/rooftop_actual_15min.csv
2020-12-26 05:00:00,0.0,0.0,0.0,0.0,0.0,0.0,pvgis_district_model,results/datasets/rooftop_actual_15min.csv
2020-12-26 06:00:00,152.902125,66.1076,57.8209,80.7362,-86.79452500000001,-56.76476046359722,pvgis_district_model,results/datasets/rooftop_actual_15min.csv
2020-12-26 07:00:00,425.724375,66.9549,58.6747,81.4423,-358.769475,-84.2727116576306,pvgis_district_model,results/datasets/rooftop_actual_15min.csv
2020-12-26 08:00:00,455.7,62.051,54.503499999999995,76.4003,-393.649,-86.3833662497257,pvgis_district_model,results/datasets/rooftop_actual_15min.csv
2020-12-26 09:00:00,455.7,53.5844,46.5206,67.0962,-402.1156,-88.24129910028527,pvgis_district_model,results/datasets/rooftop_actual_15min.csv
2020-12-26 10:00:00,455.7,50.4112,44.0454,63.5814,-405.2888,-88.93763440860215,pvgis_district_model,results/datasets/rooftop_actual_15min.csv
2020-12-26 11:00:00,455.7,62.9531,55.4819,77.2462,-392.7469,-86.18540706605222,pvgis_district_model,results/datasets/rooftop_actual_15min.csv
2020-12-26 12:00:00,455.7,60.382799999999996,53.0037,74.5357,-395.3172,-86.74944042132982,pvgis_district_model,results/datasets/rooftop_actual_15min.csv
2020-12-26 13:00:00,455.7,32.6699,26.6495,45.4693,-423.0301,-92.83083168751372,pvgis_district_model,results/datasets/rooftop_actual_15min.csv
2020-12-26 14:00:00,455.7,46.3758,40.0881,59.5764,-409.3242,-89.82317314022383,pvgis_district_model,results/datasets/rooftop_actual_15min.csv
2020-12-26 15:00:00,284.8125,60.296,52.6646,74.3758,-224.5165,-78.82958086460391,pvgis_district_model,results/datasets/rooftop_actual_15min.csv
2020-12-26 16:00:00,0.0,0.0,0.0,0.0,0.0,0.0,pvgis_district_model,results/datasets/rooftop_actual_15min.csv
2020-12-26 17:00:00,0.0,0.0,0.0,0.0,0.0,0.0,pvgis_district_model,results/datasets/rooftop_actual_15min.csv
2020-12-26 18:00:00,0.0,0.0,0.0,0.0,0.0,0.0,pvgis_district_model,results/datasets/rooftop_actual_15min.csv
2020-12-26 19:00:00,0.0,0.0,0.0,0.0,0.0,0.0,pvgis_district_model,results/datasets/rooftop_actual_15min.csv
2020-12-26 20:00:00,0.0,0.0,0.0,0.0,0.0,0.0,pvgis_district_model,results/datasets/rooftop_actual_15min.csv
2020-12-26 21:00:00,0.0,0.0,0.0,0.0,0.0,0.0,pvgis_district_model,results/datasets/rooftop_actual_15min.csv
2020-12-26 22:00:00,0.0,0.0,0.0,0.0,0.0,0.0,pvgis_district_model,results/datasets/rooftop_actual_15min.csv
2020-12-26 23:00:00,0.0,0.0,0.0,0.0,0.0,0.0,pvgis_district_model,results/datasets/rooftop_actual_15min.csv
2020-12-27 00:00:00,0.0,0.0,0.0,0.0,0.0,0.0,pvgis_district_model,results/datasets/rooftop_actual_15min.csv
2020-12-27 01:00:00,0.0,0.0,0.0,0.0,0.0,0.0,pvgis_district_model,results/datasets/rooftop_actual_15min.csv
2020-12-27 02:00:00,0.0,0.0,0.0,0.0,0.0,0.0,pvgis_district_model,results/datasets/rooftop_actual_15min.csv
2020-12-27 03:00:00,0.0,0.0,0.0,0.0,0.0,0.0,pvgis_district_model,results/datasets/rooftop_actual_15min.csv
2020-12-27 04:00:00,0.0,0.0,0.0,0.0,0.0,0.0,pvgis_district_model,results/datasets/rooftop_actual_15min.csv
2020-12-27 05:00:00,0.0,0.0,0.0,0.0,0.0,0.0,pvgis_district_model,results/datasets/rooftop_actual_15min.csv
2020-12-27 06:00:00,170.3025,156.6995,138.3154,178.4583,-13.603000000000009,-7.987551562660564,pvgis_district_model,results/datasets/rooftop_actual_15min.csv
2020-12-27 07:00:00,454.725,87.9206,78.1959,99.9858,-366.80440000000004,-80.66510528341306,pvgis_district_model,results/datasets/rooftop_actual_15min.csv
2020-12-27 08:00:00,455.7,140.6168,124.5992,158.6056,-315.0832,-69.14268158876453,pvgis_district_model,results/datasets/rooftop_actual_15min.csv
2020-12-27 09:00:00,455.7,92.341,78.6593,109.935,-363.359,-79.73644941847708,pvgis_district_model,results/datasets/rooftop_actual_15min.csv
2020-12-27 10:00:00,455.7,16.7478,10.1194,27.0697,-438.9522,-96.324818959842,pvgis_district_model,results/datasets/rooftop_actual_15min.csv
2020-12-27 11:00:00,455.7,31.1275,21.8302,43.108,-424.5725,-93.16929997805575,pvgis_district_model,results/datasets/rooftop_actual_15min.csv
2020-12-27 12:00:00,455.7,29.2193,21.1184,39.7352,-426.4807,-93.5880403774413,pvgis_district_model,results/datasets/rooftop_actual_15min.csv
2020-12-27 13:00:00,455.7,23.8924,16.1618,33.6919,-431.8076,-94.75698924731182,pvgis_district_model,results/datasets/rooftop_actual_15min.csv
2020-12-27 14:00:00,455.7,19.2055,10.9821,32.1227,-436.4945,-95.78549484309855,pvgis_district_model,results/datasets/rooftop_actual_15min.csv
2020-12-27 15:00:00,284.8125,22.6334,12.7233,37.9003,-262.1791,-92.05322800087777,pvgis_district_model,results/datasets/rooftop_actual_15min.csv
2020-12-27 16:00:00,0.0,0.0,0.0,0.0,0.0,0.0,pvgis_district_model,results/datasets/rooftop_actual_15min.csv
2020-12-27 17:00:00,0.0,0.0,0.0,0.0,0.0,0.0,pvgis_district_model,results/datasets/rooftop_actual_15min.csv
2020-12-27 18:00:00,0.0,0.0,0.0,0.0,0.0,0.0,pvgis_district_model,results/datasets/rooftop_actual_15min.csv
2020-12-27 19:00:00,0.0,0.0,0.0,0.0,0.0,0.0,pvgis_district_model,results/datasets/rooftop_actual_15min.csv
2020-12-27 20:00:00,0.0,0.0,0.0,0.0,0.0,0.0,pvgis_district_model,results/datasets/rooftop_actual_15min.csv
2020-12-27 21:00:00,0.0,0.0,0.0,0.0,0.0,0.0,pvgis_district_model,results/datasets/rooftop_actual_15min.csv
2020-12-27 22:00:00,0.0,0.0,0.0,0.0,0.0,0.0,pvgis_district_model,results/datasets/rooftop_actual_15min.csv
2020-12-27 23:00:00,0.0,0.0,0.0,0.0,0.0,0.0,pvgis_district_model,results/datasets/rooftop_actual_15min.csv
2020-12-28 00:00:00,0.0,0.0,0.0,0.0,0.0,0.0,pvgis_district_model,results/datasets/rooftop_actual_15min.csv
2020-12-28 01:00:00,0.0,0.0,0.0,0.0,0.0,0.0,pvgis_district_model,results/datasets/rooftop_actual_15min.csv
2020-12-28 02:00:00,0.0,0.0,0.0,0.0,0.0,0.0,pvgis_district_model,results/datasets/rooftop_actual_15min.csv
2020-12-28 03:00:00,0.0,0.0,0.0,0.0,0.0,0.0,pvgis_district_model,results/datasets/rooftop_actual_15min.csv
2020-12-28 04:00:00,0.0,0.0,0.0,0.0,0.0,0.0,pvgis_district_model,results/datasets/rooftop_actual_15min.csv
2020-12-28 05:00:00,0.0,0.0,0.0,0.0,0.0,0.0,pvgis_district_model,results/datasets/rooftop_actual_15min.csv
2020-12-28 06:00:00,170.8875,59.4778,54.4627,66.8004,-111.40969999999999,-65.19476263623729,pvgis_district_model,results/datasets/rooftop_actual_15min.csv
2020-12-28 07:00:00,455.7,42.1487,37.4822,51.3608,-413.55129999999997,-90.75077902128594,pvgis_district_model,results/datasets/rooftop_actual_15min.csv
2020-12-28 08:00:00,455.7,44.4668,40.5328,53.0688,-411.2332,-90.24208909370199,pvgis_district_model,results/datasets/rooftop_actual_15min.csv
2020-12-28 09:00:00,455.7,40.3324,36.2432,49.9178,-415.3676,-91.14935264428351,pvgis_district_model,results/datasets/rooftop_actual_15min.csv
2020-12-28 10:00:00,455.7,45.413199999999996,41.017,56.5739,-410.28679999999997,-90.03440860215053,pvgis_district_model,results/datasets/rooftop_actual_15min.csv
2020-12-28 11:00:00,455.7,55.0592,50.4094,63.8384,-400.6408,-87.91766513056837,pvgis_district_model,results/datasets/rooftop_actual_15min.csv
2020-12-28 12:00:00,455.7,49.5553,45.7459,54.905499999999996,-406.1447,-89.1254553434277,pvgis_district_model,results/datasets/rooftop_actual_15min.csv
2020-12-28 13:00:00,455.7,52.9111,48.5231,60.2179,-402.7889,-88.38904981347378,pvgis_district_model,results/datasets/rooftop_actual_15min.csv
2020-12-28 14:00:00,455.7,44.0115,36.9802,54.7378,-411.6885,-90.3420013166557,pvgis_district_model,results/datasets/rooftop_actual_15min.csv
2020-12-28 15:00:00,284.8125,35.4764,25.3647,48.9207,-249.3361,-87.54394557823129,pvgis_district_model,results/datasets/rooftop_actual_15min.csv
2020-12-28 16:00:00,0.0,0.0,0.0,0.0,0.0,0.0,pvgis_district_model,results/datasets/rooftop_actual_15min.csv
2020-12-28 17:00:00,0.0,0.0,0.0,0.0,0.0,0.0,pvgis_district_model,results/datasets/rooftop_actual_15min.csv
2020-12-28 18:00:00,0.0,0.0,0.0,0.0,0.0,0.0,pvgis_district_model,results/datasets/rooftop_actual_15min.csv
2020-12-28 19:00:00,0.0,0.0,0.0,0.0,0.0,0.0,pvgis_district_model,results/datasets/rooftop_actual_15min.csv
2020-12-28 20:00:00,0.0,0.0,0.0,0.0,0.0,0.0,pvgis_district_model,results/datasets/rooftop_actual_15min.csv
2020-12-28 21:00:00,0.0,0.0,0.0,0.0,0.0,0.0,pvgis_district_model,results/datasets/rooftop_actual_15min.csv
2020-12-28 22:00:00,0.0,0.0,0.0,0.0,0.0,0.0,pvgis_district_model,results/datasets/rooftop_actual_15min.csv
2020-12-28 23:00:00,0.0,0.0,0.0,0.0,0.0,0.0,pvgis_district_model,results/datasets/rooftop_actual_15min.csv
2020-12-29 00:00:00,0.0,0.0,0.0,0.0,0.0,0.0,pvgis_district_model,results/datasets/rooftop_actual_15min.csv
2020-12-29 01:00:00,0.0,0.0,0.0,0.0,0.0,0.0,pvgis_district_model,results/datasets/rooftop_actual_15min.csv
2020-12-29 02:00:00,0.0,0.0,0.0,0.0,0.0,0.0,pvgis_district_model,results/datasets/rooftop_actual_15min.csv
2020-12-29 03:00:00,0.0,0.0,0.0,0.0,0.0,0.0,pvgis_district_model,results/datasets/rooftop_actual_15min.csv
2020-12-29 04:00:00,0.0,0.0,0.0,0.0,0.0,0.0,pvgis_district_model,results/datasets/rooftop_actual_15min.csv
2020-12-29 05:00:00,0.0,0.0,0.0,0.0,0.0,0.0,pvgis_district_model,results/datasets/rooftop_actual_15min.csv
2020-12-29 06:00:00,170.8875,63.926899999999996,56.6319,75.8967,-106.9606,-62.59123692487748,pvgis_district_model,results/datasets/rooftop_actual_15min.csv
2020-12-29 07:00:00,455.7,63.3186,56.6663,73.5347,-392.3814,-86.10520078999342,pvgis_district_model,results/datasets/rooftop_actual_15min.csv
2020-12-29 08:00:00,455.7,51.644800000000004,45.9139,62.5443,-404.0552,-88.66692999780558,pvgis_district_model,results/datasets/rooftop_actual_15min.csv
2020-12-29 09:00:00,455.7,39.5936,34.472300000000004,49.754400000000004,-416.1064,-91.31147684880403,pvgis_district_model,results/datasets/rooftop_actual_15min.csv
2020-12-29 10:00:00,455.7,55.2142,49.5786,67.3858,-400.4858,-87.88365152512618,pvgis_district_model,results/datasets/rooftop_actual_15min.csv
2020-12-29 11:00:00,455.7,62.3465,55.5927,75.5819,-393.3535,-86.3185209567698,pvgis_district_model,results/datasets/rooftop_actual_15min.csv
2020-12-29 12:00:00,455.7,56.113,49.6728,69.0084,-399.587,-87.6864165020847,pvgis_district_model,results/datasets/rooftop_actual_15min.csv
2020-12-29 13:00:00,455.7,33.4645,27.156299999999998,46.537,-422.2355,-92.65646258503402,pvgis_district_model,results/datasets/rooftop_actual_15min.csv
2020-12-29 14:00:00,455.7,49.6631,43.931,62.138999999999996,-406.0369,-89.1017994294492,pvgis_district_model,results/datasets/rooftop_actual_15min.csv
2020-12-29 15:00:00,286.227,62.1135,56.0871,73.2359,-224.1135,-78.29921705499481,pvgis_district_model,results/datasets/rooftop_actual_15min.csv
2020-12-29 16:00:00,2.3575,0.0142,0.0,0.0647,-2.3432999999999997,-99.39766702014846,pvgis_district_model,results/datasets/rooftop_actual_15min.csv
2020-12-29 17:00:00,0.0,0.0,0.0,0.0,0.0,0.0,pvgis_district_model,results/datasets/rooftop_actual_15min.csv
2020-12-29 18:00:00,0.0,0.0,0.0,0.0,0.0,0.0,pvgis_district_model,results/datasets/rooftop_actual_15min.csv
2020-12-29 19:00:00,0.0,0.0,0.0,0.0,0.0,0.0,pvgis_district_model,results/datasets/rooftop_actual_15min.csv
2020-12-29 20:00:00,0.0,0.0,0.0,0.0,0.0,0.0,pvgis_district_model,results/datasets/rooftop_actual_15min.csv
2020-12-29 21:00:00,0.0,0.0,0.0,0.0,0.0,0.0,pvgis_district_model,results/datasets/rooftop_actual_15min.csv
2020-12-29 22:00:00,0.0,0.0,0.0,0.0,0.0,0.0,pvgis_district_model,results/datasets/rooftop_actual_15min.csv
2020-12-29 23:00:00,0.0,0.0,0.0,0.0,0.0,0.0,pvgis_district_model,results/datasets/rooftop_actual_15min.csv
2020-12-30 00:00:00,0.0,0.0,0.0,0.0,0.0,0.0,pvgis_district_model,results/datasets/rooftop_actual_15min.csv
2020-12-30 01:00:00,0.0,0.0,0.0,0.0,0.0,0.0,pvgis_district_model,results/datasets/rooftop_actual_15min.csv
2020-12-30 02:00:00,0.0,0.0,0.0,0.0,0.0,0.0,pvgis_district_model,results/datasets/rooftop_actual_15min.csv
2020-12-30 03:00:00,0.0,0.0,0.0,0.0,0.0,0.0,pvgis_district_model,results/datasets/rooftop_actual_15min.csv
2020-12-30 04:00:00,0.0,0.0,0.0,0.0,0.0,0.0,pvgis_district_model,results/datasets/rooftop_actual_15min.csv
2020-12-30 05:00:00,0.0,0.0,0.0,0.0,0.0,0.0,pvgis_district_model,results/datasets/rooftop_actual_15min.csv
2020-12-30 06:00:00,170.8875,68.4416,46.6575,92.8811,-102.4459,-59.94932338526809,pvgis_district_model,results/datasets/rooftop_actual_15min.csv
2020-12-30 07:00:00,455.7,24.1959,17.1228,33.2962,-431.5041,-94.69038841342989,pvgis_district_model,results/datasets/rooftop_actual_15min.csv
2020-12-30 08:00:00,455.7,59.007600000000004,39.8173,80.108,-396.69239999999996,-87.05121790651744,pvgis_district_model,results/datasets/rooftop_actual_15min.csv
2020-12-30 09:00:00,455.7,73.4004,56.0578,94.0505,-382.2996,-83.89282422646478,pvgis_district_model,results/datasets/rooftop_actual_15min.csv
2020-12-30 10:00:00,455.7,78.5517,64.1798,99.636,-377.1483,-82.762409479921,pvgis_district_model,results/datasets/rooftop_actual_15min.csv
2020-12-30 11:00:00,455.7,87.0745,71.3643,109.4974,-368.6255,-80.89214395435593,pvgis_district_model,results/datasets/rooftop_actual_15min.csv
2020-12-30 12:00:00,455.7,86.5404,70.8861,108.9074,-369.15959999999995,-81.00934825543119,pvgis_district_model,results/datasets/rooftop_actual_15min.csv
2020-12-30 13:00:00,455.7,58.6267,47.565,76.3615,-397.0733,-87.13480359885891,pvgis_district_model,results/datasets/rooftop_actual_15min.csv
2020-12-30 14:00:00,455.7,81.1394,65.6625,103.4686,-374.5606,-82.19455782312926,pvgis_district_model,results/datasets/rooftop_actual_15min.csv
2020-12-30 15:00:00,286.227,86.429,71.4332,107.6987,-199.79799999999997,-69.8040366562204,pvgis_district_model,results/datasets/rooftop_actual_15min.csv
2020-12-30 16:00:00,2.3575,0.6702,0.3938,0.9466,-1.6873,-71.57158006362673,pvgis_district_model,results/datasets/rooftop_actual_15min.csv
2020-12-30 17:00:00,0.0,0.0,0.0,0.0,0.0,0.0,pvgis_district_model,results/datasets/rooftop_actual_15min.csv
2020-12-30 18:00:00,0.0,0.0,0.0,0.0,0.0,0.0,pvgis_district_model,results/datasets/rooftop_actual_15min.csv
2020-12-30 19:00:00,0.0,0.0,0.0,0.0,0.0,0.0,pvgis_district_model,results/datasets/rooftop_actual_15min.csv
2020-12-30 20:00:00,0.0,0.0,0.0,0.0,0.0,0.0,pvgis_district_model,results/datasets/rooftop_actual_15min.csv
2020-12-30 21:00:00,0.0,0.0,0.0,0.0,0.0,0.0,pvgis_district_model,results/datasets/rooftop_actual_15min.csv
2020-12-30 22:00:00,0.0,0.0,0.0,0.0,0.0,0.0,pvgis_district_model,results/datasets/rooftop_actual_15min.csv
2020-12-30 23:00:00,0.0,0.0,0.0,0.0,0.0,0.0,pvgis_district_model,results/datasets/rooftop_actual_15min.csv
